idquest,cluster,target
11110200101.0,0,0
11110200401.0,0,0
11110200501.0,0,0
11110200601.0,0,1
11110200701.0,0,0
11110200801.0,0,0
11110200901.0,0,0
11110201101.0,0,1
11110201301.0,0,1
11110201401.0,0,0
11110201501.0,0,0
11110201701.0,0,1
11110201801.0,0,1
11110201901.0,0,1
11110202001.0,0,1
11110202101.0,0,1
11110202201.0,0,1
11110202301.0,0,1
11110202401.0,0,1
11110202402.0,0,1
11110202601.0,0,1
11110202801.0,0,1
11110202902.0,0,0
11110203001.0,0,1
11110203101.0,0,0
11110203301.0,0,1
11110203501.0,0,0
11110203601.0,0,1
11110203801.0,0,1
11110203901.0,0,1
11110204001.0,0,1
11110204101.0,0,1
11110204301.0,0,0
11110204401.0,0,1
11110204501.0,0,1
11110204601.0,0,0
11110204801.0,0,1
11110204901.0,0,1
11110205001.0,0,1
11110205101.0,0,1
11110205201.0,0,1
11110205401.0,0,1
11110205501.0,0,1
11110300101.0,0,1
11110300201.0,0,1
11110300301.0,0,1
11110300401.0,0,1
11110300601.0,0,1
11110300701.0,0,1
11110300801.0,0,1
11110300901.0,0,0
11110301001.0,0,1
11110301101.0,0,1
11110301201.0,0,1
11110301301.0,0,1
11110301401.0,0,1
11110301501.0,0,1
11110301601.0,0,1
11110301701.0,0,1
11110301801.0,0,0
11110301901.0,0,0
11110302101.0,0,1
11110302201.0,0,1
11110400101.0,0,1
11110400201.0,0,1
11110400301.0,0,1
11110400401.0,0,1
11110400501.0,0,0
11110400601.0,0,0
11110400701.0,0,1
11110500201.0,0,1
11110500501.0,0,1
11110500601.0,1,1
11110500701.0,0,0
11110500901.0,0,0
11110501001.0,0,0
11110501101.0,0,1
11110501501.0,1,1
11110600101.0,0,0
11110600201.0,0,1
11110600301.0,0,1
11110600401.0,0,0
11110600501.0,0,0
11110600601.0,0,1
11110600701.0,0,0
11110600901.0,0,0
11110601101.0,0,1
11110601301.0,0,1
11110601401.0,0,0
11110601601.0,0,1
11110601701.0,0,1
11110602001.0,0,0
11110602101.0,0,0
11110602201.0,0,0
11110602301.0,0,1
11110602302.0,0,1
11110602401.0,0,0
11110602501.0,0,0
11110602601.0,0,1
11110800201.0,0,1
11110800202.0,0,0
11110800501.0,0,0
11110800701.0,0,1
11110800901.0,0,1
11110801001.0,0,0
11110801101.0,0,0
11110801201.0,0,0
11110801301.0,0,1
11110801401.0,0,1
11110801501.0,0,1
11110801601.0,0,0
11110801701.0,0,0
11110801801.0,0,1
11110801901.0,0,1
11110802001.0,0,1
11110802101.0,0,1
11110802201.0,0,0
11110802301.0,0,0
11110802601.0,0,1
11110802701.0,0,0
11110802801.0,0,1
11110802901.0,0,0
11110803001.0,0,1
11110803101.0,0,0
11110803301.0,0,1
11110803401.0,0,1
11110803501.0,0,0
11110803901.0,0,1
11110804001.0,0,1
11110804101.0,0,1
11110804201.0,0,0
11110804301.0,0,1
11110900101.0,0,0
11110900201.0,0,1
11110900301.0,0,1
11110900501.0,0,0
11110900601.0,0,1
11110900701.0,0,0
11110900901.0,0,1
11110901001.0,0,0
11110901101.0,0,0
11110901201.0,0,0
11110901301.0,0,0
11110901401.0,0,0
11110901501.0,0,1
11110901601.0,0,0
11110901701.0,0,0
11110901801.0,0,1
11110901901.0,0,1
11110902001.0,0,0
11110902101.0,0,1
11110902201.0,0,1
11110902301.0,0,0
11110902401.0,0,1
11110902501.0,0,1
11110902601.0,0,1
11111000101.0,0,0
11111000201.0,0,0
11111000401.0,0,1
11111000601.0,0,1
11111000801.0,0,0
11111000901.0,0,1
11111001001.0,0,0
11111001201.0,0,0
11111001301.0,0,1
11111100101.0,0,0
11111100201.0,0,0
11111100301.0,0,1
11111100401.0,0,1
11111100501.0,0,1
11111100601.0,0,1
11111100701.0,0,0
11111101001.0,0,1
11111101101.0,0,1
11111101201.0,0,1
11111101301.0,0,1
11111200101.0,0,0
11111200201.0,0,1
11111200301.0,0,1
11111200401.0,0,0
11111200501.0,0,1
11111200701.0,0,0
11111200901.0,0,1
11111201001.0,0,1
11111201101.0,0,1
11111201201.0,0,0
11111201401.0,0,0
11111400101.0,0,1
11111400201.0,0,1
11111400301.0,0,1
11111400501.0,0,0
11111400601.0,0,1
11111400701.0,0,1
11111400801.0,0,1
11111401201.0,0,1
11111401501.0,0,0
11111401701.0,0,0
11111401901.0,0,0
11111402001.0,0,0
11111402301.0,0,1
11111402601.0,0,0
11111403101.0,0,0
11111403201.0,0,1
11111403401.0,0,0
11111403601.0,0,1
11111403802.0,0,1
11111403901.0,0,0
11111404001.0,0,1
11111404401.0,0,0
11111404701.0,0,0
11111405301.0,0,1
11111405401.0,0,0
11111405501.0,0,1
11111405601.0,0,1
11111405801.0,0,1
11111405802.0,0,1
11111405901.0,0,1
11111406001.0,0,1
11111406501.0,0,1
11111406601.0,0,0
11111600101.0,0,1
11111600201.0,0,1
11111600301.0,0,0
11111600401.0,0,1
11111600601.0,0,1
11111600801.0,0,0
11111600901.0,0,1
11111700101.0,0,1
11111700201.0,0,1
11111700301.0,0,0
11111700401.0,0,0
11111700501.0,0,1
11111800101.0,0,1
11111800201.0,0,1
11111800301.0,0,1
11111800401.0,0,0
11111800501.0,0,1
11111800601.0,0,0
11111800701.0,0,0
11111800801.0,0,1
11111800901.0,0,1
11111801001.0,0,0
11111801101.0,0,0
11111801201.0,0,1
11111801301.0,0,1
11111801401.0,0,1
11111801601.0,0,0
11111801701.0,0,1
11111802001.0,0,1
11111802201.0,0,0
11111802301.0,0,1
11111802401.0,0,0
11111802501.0,0,0
11111802701.0,0,0
11111802901.0,0,1
11111803001.0,1,0
11112000101.0,0,1
11112000201.0,0,0
11112000301.0,0,1
11112000501.0,0,0
11112000701.0,0,0
11112000901.0,0,1
11112001001.0,0,1
11112001101.0,0,1
11112001601.0,0,0
11112001701.0,0,0
11112002001.0,0,0
11112002201.0,0,1
11112100401.0,0,0
11112100601.0,0,0
11112100801.0,0,1
11112100901.0,0,1
11112101001.0,0,1
11112101301.0,0,0
11112101401.0,0,1
11112101501.0,0,1
11112101601.0,0,1
11112101701.0,0,1
11112102001.0,0,0
11112102101.0,0,1
11112102301.0,0,0
11112102401.0,0,0
11112102501.0,0,0
11112102701.0,0,1
11112200101.0,0,1
11112200501.0,0,1
11112200701.0,0,1
11112200801.0,0,0
11112201001.0,0,1
11112201002.0,0,1
11112201201.0,0,1
11112201301.0,0,1
11112201401.0,0,1
11112201501.0,0,1
11112201601.0,0,0
11112201901.0,0,1
11112202001.0,0,1
11112202101.0,0,1
11112202201.0,0,1
11112202301.0,0,1
11112202401.0,0,1
11112202501.0,0,1
11112202601.0,0,1
11112202701.0,0,1
11112202801.0,0,1
11112203001.0,0,1
11112203101.0,0,0
11112203601.0,0,1
11112203602.0,0,1
11112203701.0,0,0
11112204001.0,0,1
11112204501.0,0,1
11112300101.0,0,0
11112300201.0,0,1
11112300301.0,0,1
11112300401.0,0,1
11112300701.0,0,1
11112300801.0,0,0
11112301101.0,0,0
11112301201.0,0,1
11112301301.0,0,1
11112301401.0,0,1
11112301501.0,0,0
11112301601.0,0,1
11112301701.0,0,1
11112302201.0,0,1
11112302301.0,0,1
11112302401.0,0,1
11112302402.0,0,0
11112302501.0,0,1
11112302601.0,0,1
11112302701.0,0,1
11112400101.0,0,1
11112400301.0,0,0
11112400401.0,0,0
11112400701.0,0,1
11112401101.0,0,1
11112401201.0,0,1
11112401301.0,0,1
11112401501.0,0,1
11112401601.0,0,1
11112401701.0,0,1
11112402001.0,0,1
11112402201.0,0,1
11112402301.0,0,1
11112402501.0,0,1
11112402601.0,0,1
11112402701.0,0,1
11112402901.0,0,1
11112403001.0,0,1
11112403101.0,0,1
11112403201.0,0,1
11112403301.0,0,1
11410100502.0,0,0
11410101101.0,0,0
11410102101.0,0,0
11410102401.0,0,0
11410102901.0,0,1
11410103001.0,0,0
11410103301.0,0,1
11410103601.0,0,0
11410200301.0,0,0
11410200401.0,0,0
11410200501.0,0,0
11410200701.0,0,0
11410201101.0,0,0
11410201201.0,0,1
11410201301.0,0,0
11410201601.0,0,1
11410201701.0,0,0
11410202301.0,0,1
11410202401.0,0,0
11410202501.0,0,0
11410202901.0,0,0
11410203101.0,0,1
11410203601.0,0,1
11410203801.0,0,1
11410203802.0,0,0
11410203901.0,0,0
11410204201.0,0,1
11410204301.0,0,0
11410204601.0,0,1
11410205101.0,0,1
11410205301.0,0,1
11410301401.0,0,0
11410302203.0,0,1
11410302401.0,0,1
11410302801.0,0,1
11410304602.0,0,1
11410305201.0,0,1
11410400601.0,0,0
11410401401.0,0,1
11410402101.0,0,0
11410402801.0,0,1
11410403801.0,0,0
11410404101.0,0,0
11410405401.0,0,1
11410501401.0,0,1
11410502602.0,0,1
11410503901.0,0,1
11410601601.0,0,1
11410601603.0,0,1
11410602401.0,0,0
11410603001.0,0,1
11410604401.0,0,1
11410604603.0,0,0
11410605901.0,0,1
11410701801.0,0,1
11410704101.0,0,1
11410705301.0,0,1
11410800501.0,0,1
11410800701.0,0,1
11410801401.0,0,0
11410801501.0,0,0
11410802201.0,0,0
11410804101.0,0,0
11410804401.0,1,1
11410900202.0,0,1
11410902002.0,0,1
11411000301.0,0,0
11411001602.0,0,0
11411001701.0,0,0
11411001904.0,0,1
11411002505.0,0,1
11411003302.0,0,1
11411102601.0,0,1
11411200105.0,0,0
11411200401.0,0,0
11411200601.0,0,1
11411201302.0,0,1
11411201501.0,0,1
11411201503.0,0,1
11411201702.0,0,0
11411201801.0,0,0
11411201901.0,0,0
11411202001.0,0,0
11411300301.0,0,1
11411301601.0,0,0
11411301701.0,0,0
11411301802.0,0,0
11411302201.0,0,0
11411304801.0,0,0
11411400501.0,0,1
11411400602.0,0,1
11411401201.0,0,0
11411401301.0,0,1
11411401302.0,0,0
11411401702.0,0,1
11411402401.0,0,1
11411404001.0,0,0
11411404101.0,0,0
11411404602.0,0,1
11411404801.0,0,0
11411404901.0,0,1
11411405702.0,0,1
11411406305.0,0,1
11411406308.0,0,0
11411406401.0,0,1
11411407001.0,0,1
11411407201.0,0,0
11411407301.0,0,1
11411407601.0,0,0
11411500201.0,0,0
11411500703.0,0,1
11411502201.0,0,1
11411503001.0,0,1
11411601001.0,0,1
11411601002.0,0,0
11411601101.0,0,1
11411602404.0,0,1
11411700101.0,0,0
11411700701.0,0,1
11411700708.0,0,1
11411701502.0,0,1
11411702101.0,0,1
11411702102.0,0,1
11411702901.0,0,1
11411702902.0,0,1
11411703601.0,0,0
11411704501.0,0,0
11411705002.0,0,1
11411705101.0,0,0
11421800201.0,0,0
11421800501.0,0,0
11421800701.0,0,0
11421801001.0,0,0
11421801101.0,0,1
11421801201.0,0,1
11421801402.0,0,0
11421801501.0,0,0
11421801901.0,0,1
11421802001.0,0,1
11421802101.0,0,1
11421802301.0,0,0
11421802601.0,0,0
11421802801.0,0,0
11421900201.0,0,0
11421900601.0,0,1
11421900701.0,0,0
11421900801.0,0,1
11421901001.0,0,1
11421901201.0,0,1
11421901501.0,0,1
11421901701.0,0,1
11421901901.0,0,1
11421902101.0,0,1
11421902401.0,0,1
11421902501.0,0,1
11421902601.0,0,1
11422000601.0,0,1
11422000701.0,0,1
11422001101.0,0,0
11422001202.0,0,1
11422001207.0,0,0
11422001301.0,0,1
11422001401.0,0,1
11422001402.0,0,0
11422001801.0,0,1
11422002102.0,0,1
11422100101.0,0,1
11422100201.0,0,0
11422100401.0,0,1
11422100701.0,0,0
11422100801.0,0,1
11422100901.0,0,0
11422101101.0,0,0
11422101401.0,0,0
11422101502.0,0,0
11422101504.0,0,1
11422101701.0,0,0
11422102401.0,0,1
12110200101.0,0,0
12110200401.0,0,0
12110200601.0,0,0
12110201701.0,0,0
12110202001.0,0,0
12110202101.0,0,1
12110202201.0,0,0
12110202401.0,0,0
12110202703.0,0,0
12110202801.0,0,0
12110202901.0,0,1
12110203201.0,0,0
12110203401.0,0,1
12110203501.0,0,1
12110204401.0,0,1
12110204501.0,0,1
12110204601.0,0,0
12110204801.0,0,1
12110205001.0,0,1
12110205101.0,0,0
12110205401.0,0,0
12110206101.0,0,1
12110206401.0,0,1
12110206701.0,0,0
12110206702.0,0,0
12110206703.0,0,0
12110300201.0,0,0
12110300301.0,0,0
12110300401.0,0,0
12110300601.0,0,1
12110300702.0,0,1
12110300901.0,0,1
12110301001.0,0,1
12110301101.0,0,0
12110301201.0,0,0
12110301202.0,0,1
12110301301.0,0,0
12110301401.0,0,1
12110301501.0,0,0
12110400101.0,0,1
12110400601.0,1,0
12110400701.0,0,1
12110400801.0,0,1
12110400901.0,0,1
12110401001.0,0,1
12110401201.0,0,0
12110401601.0,0,1
12110401701.0,0,1
12110402401.0,0,1
12110402501.0,0,1
12110500101.0,0,1
12110500301.0,0,1
12110500501.0,0,1
12110500801.0,0,1
12110501001.0,0,1
12110501101.0,0,1
12110501301.0,0,1
12110600101.0,0,0
12110600501.0,0,1
12110600601.0,0,1
12110600701.0,0,1
12110600802.0,0,1
12110600803.0,0,1
12110601001.0,0,1
12110601101.0,0,0
12110601201.0,0,1
12110601901.0,0,0
12110602001.0,0,1
12110602101.0,0,0
12110602201.0,0,0
12110602401.0,0,0
12110700101.0,0,1
12110700301.0,1,1
12110700401.0,0,1
12110700501.0,0,1
12110700601.0,0,0
12110700701.0,0,0
12110800101.0,0,1
12110800702.0,0,1
12110801203.0,0,0
12110802201.0,0,1
12110802301.0,0,0
12110802401.0,0,1
12110802502.0,0,0
12110802701.0,0,0
12110802901.0,0,1
12110900101.0,0,1
12110900201.0,0,1
12110900601.0,0,0
12110900701.0,0,0
12110900801.0,0,0
12110900901.0,0,1
12110901101.0,0,0
12110901401.0,0,0
12110901501.0,0,0
12110901901.0,0,1
12110902001.0,0,1
12110902101.0,0,1
12110902201.0,0,0
12110902401.0,0,1
12111000501.0,0,1
12111000601.0,0,0
12111000701.0,0,1
12111001501.0,0,1
12111001601.0,0,1
12111001901.0,0,1
12111100101.0,0,0
12111100201.0,0,1
12111200301.0,0,1
12111200601.0,0,1
12111200701.0,0,0
12111201901.0,0,0
12111202001.0,0,1
12111202101.0,0,1
12111202201.0,0,1
12111202401.0,0,1
12111202501.0,0,1
12111202701.0,0,0
12111203001.0,0,1
12111203201.0,0,0
12111300101.0,0,0
12111300201.0,0,0
12111300301.0,0,1
12111300401.0,0,0
12111400101.0,0,1
12111400201.0,0,1
12111400301.0,0,0
12111400401.0,0,1
12111400501.0,0,1
12111400601.0,0,1
12111400701.0,0,1
12111400901.0,0,1
12111401001.0,0,0
12111401101.0,0,1
12111401201.0,0,1
12111401301.0,0,1
12111401401.0,0,1
12111401501.0,0,1
12111401601.0,0,1
12111401701.0,0,1
12111401801.0,0,1
12111401901.0,0,1
12111402001.0,0,0
12111500201.0,0,1
12111500701.0,0,1
12111500801.0,0,1
12111501401.0,0,1
12111501501.0,0,1
12111501602.0,0,1
12111501802.0,1,1
12111502201.0,0,0
12111502901.0,0,1
12111503101.0,0,1
12111503301.0,0,1
12111503401.0,0,1
12111503501.0,0,1
12111503601.0,0,1
12111503701.0,0,0
12111503901.0,0,1
12111504201.0,0,1
12111504301.0,0,1
12111504401.0,0,1
12111504501.0,0,1
12111504701.0,0,0
12111504801.0,0,1
12111505001.0,0,1
12111505201.0,0,0
12111505301.0,0,1
12111505401.0,0,1
12111505601.0,0,1
12111505701.0,0,1
12111700101.0,0,1
12111700201.0,0,1
12111700301.0,0,0
12111700401.0,0,1
12111700701.0,0,1
12111700801.0,0,1
12111700901.0,0,1
12111701001.0,0,1
12111701101.0,0,1
12111701201.0,0,1
12111701301.0,0,1
12111701401.0,0,1
12111701501.0,0,1
12111701601.0,0,1
12111701701.0,0,0
12111701901.0,0,1
12111702001.0,0,1
12111702201.0,0,0
12111702301.0,0,1
12111702401.0,0,1
12111702501.0,0,1
12111702601.0,0,1
12111702701.0,0,1
12111702801.0,0,1
12111702901.0,0,1
12111703001.0,0,1
12111703101.0,0,1
12111703201.0,0,1
12111703301.0,0,1
12111703401.0,0,1
12111703501.0,0,0
12111900101.0,0,1
12111900601.0,0,1
12111900701.0,0,1
12111900801.0,0,1
12111901001.0,0,1
12111901101.0,0,1
12111901301.0,0,1
12111901401.0,0,1
12111901501.0,0,1
12111901601.0,0,1
12111901701.0,0,0
12111901801.0,0,1
12111901901.0,0,1
12111902001.0,0,0
12111902101.0,0,0
12111902201.0,0,1
12112000101.0,0,1
12112000201.0,0,1
12112000301.0,0,1
12112000401.0,0,0
12112000501.0,0,1
12112000601.0,0,1
12112000701.0,0,1
12112000801.0,0,1
12112100101.0,0,0
12112100201.0,0,1
12112100301.0,0,1
12112100501.0,0,1
12112100601.0,0,0
12112100701.0,0,1
12112101001.0,0,1
12112101101.0,0,1
12112101201.0,0,1
12112101301.0,0,0
12112101401.0,0,1
12112101601.0,0,1
12112101701.0,0,1
12112101801.0,0,1
12112101901.0,0,1
12112300101.0,0,1
12112300201.0,0,1
12112300301.0,0,0
12112300501.0,0,1
12112300801.0,0,1
12112301101.0,0,1
12112301201.0,0,1
12112301301.0,0,1
12112301401.0,0,1
12112301501.0,0,1
12112301701.0,0,1
12112301801.0,0,1
12112302101.0,0,1
12112302201.0,0,1
12112302301.0,0,1
12112302401.0,0,1
12112302501.0,0,1
12112302601.0,0,0
12112302701.0,0,0
12112302801.0,0,1
12112302901.0,0,1
12112303101.0,0,1
12112303201.0,0,1
12112303301.0,0,1
12112303401.0,0,1
12112303601.0,0,1
12112303701.0,0,0
12112303801.0,0,1
12112303901.0,0,0
12112304001.0,0,1
12112304101.0,0,1
12112304201.0,0,1
12112304301.0,0,1
12112304401.0,0,1
12112304501.0,0,1
12112304601.0,0,1
12112304701.0,0,1
12112304801.0,0,1
12112304901.0,0,1
12112400101.0,0,1
12112400201.0,0,1
12112400301.0,0,1
12112400501.0,0,0
12112400601.0,0,1
12112400701.0,0,1
12112400801.0,0,1
12112400901.0,0,1
12112401001.0,0,1
12112401201.0,0,1
12112401501.0,0,1
12112402101.0,0,1
12112402201.0,0,1
12112402301.0,0,0
12200100101.0,0,0
12200100102.0,0,0
12201600101.0,0,1
12201601101.0,0,0
12201601201.0,0,1
12201601301.0,0,0
12201601701.0,0,1
12201602001.0,0,1
12201602101.0,0,0
12410100801.0,0,0
12410101801.0,0,0
12410102001.0,0,0
12410102702.0,0,0
12410102801.0,0,1
12410104001.0,0,1
12410201001.0,0,1
12410201701.0,0,0
12410203201.0,0,0
12410204801.0,0,1
12410300801.0,0,1
12410302201.0,0,0
12410302601.0,0,0
12410303201.0,0,1
12410303501.0,0,0
12410304101.0,1,0
12410400401.0,0,1
12410400901.0,0,0
12410401501.0,0,1
12410401801.0,0,1
12410402501.0,0,1
12410402901.0,0,0
12410403601.0,0,0
12410406501.0,0,1
12410503201.0,0,1
12410503701.0,0,0
12410601701.0,0,1
12410601901.0,0,0
12410602101.0,0,1
12410603502.0,0,0
12410603602.0,0,0
12410603801.0,0,1
12410700504.0,0,0
12410700702.0,0,0
12410700801.0,0,0
12410701001.0,0,0
12410701701.0,0,1
12410702501.0,0,0
12410703701.0,0,0
12410802001.0,0,0
12410804301.0,0,0
12410804701.0,0,1
12411000204.0,0,0
12411002202.0,0,0
12411100201.0,0,0
12411101201.0,0,1
12411103101.0,0,1
12411201201.0,1,0
12411201301.0,0,0
12411201401.0,0,0
12411204701.0,0,0
12411301601.0,0,1
12411301901.0,0,1
12411302001.0,0,1
12411304402.0,0,0
12411306602.0,0,0
12411400102.0,0,0
12411401301.0,0,1
12411401501.0,0,0
12411403701.0,0,0
12411404401.0,0,1
12411404601.0,0,1
12411405202.0,0,0
12411405901.0,0,1
12411406502.0,0,1
12411501801.0,0,1
12411502301.0,0,1
12411505201.0,0,0
12411505302.0,0,0
12411505701.0,0,1
12411507701.0,0,0
12411600301.0,0,1
12411602301.0,0,0
12411603001.0,0,0
12411603601.0,0,1
12411603701.0,0,0
12411605301.0,0,1
12411605401.0,0,0
12411606601.0,0,1
12411606901.0,0,1
12411700101.0,0,0
12411700201.0,0,1
12411700501.0,0,1
12411700601.0,0,1
12411701101.0,0,0
12411701301.0,0,1
12411702101.0,0,1
12411702201.0,0,0
12411702601.0,0,0
12411702801.0,0,1
12411702901.0,0,1
12411703201.0,0,0
12411704101.0,0,0
12411704102.0,0,1
12411704402.0,0,1
12411705101.0,0,0
12411705201.0,0,1
12411705601.0,0,1
12411706002.0,0,1
12411706003.0,0,1
12411706201.0,0,0
12411801301.0,0,1
12411801401.0,0,1
12411801801.0,0,0
12411802301.0,0,0
12411802701.0,0,0
12411802801.0,0,0
12411802901.0,0,1
12411803101.0,0,1
12411803301.0,0,0
12411803901.0,0,0
12411804001.0,0,1
12411804101.0,0,0
12411804401.0,0,1
12411804601.0,0,0
12411805701.0,0,1
12411805801.0,0,0
12411805802.0,0,0
12411805901.0,0,0
12411806301.0,0,1
12411806401.0,0,1
12411806801.0,0,0
12411807601.0,0,0
12411900101.0,0,1
12411900102.0,0,1
12411900301.0,0,1
12411900701.0,0,0
12411900704.0,0,0
12411903101.0,0,0
12411903501.0,0,1
12411903601.0,0,1
12411903701.0,0,0
12422000401.0,0,0
12422001201.0,0,1
12422100102.0,0,0
12422100201.0,0,1
12422100701.0,0,1
12422101001.0,0,0
12422101101.0,0,0
12422101401.0,0,1
12422101601.0,0,0
12422101701.0,0,1
12422103101.0,0,0
12422200201.0,0,0
12422200501.0,0,0
12422200601.0,0,0
12422201701.0,0,0
12422201901.0,0,0
12422202401.0,0,0
12422300501.0,0,1
12422300901.0,0,0
12422301001.0,0,0
12422301501.0,0,0
12422301601.0,0,1
12422301901.0,0,0
12422302201.0,0,0
12422302501.0,0,1
12422302601.0,0,1
12422303102.0,0,0
12422303201.0,0,1
12422303401.0,0,0
12422400301.0,0,1
12422400901.0,0,1
12422401001.0,0,0
12422402401.0,0,1
12422402701.0,0,1
12422402801.0,0,1
12422500102.0,0,0
12422500103.0,0,1
12422500201.0,0,1
12422500701.0,0,1
12422500801.0,0,1
12422500901.0,0,1
12422600601.0,0,0
12422600702.0,0,0
12422602102.0,0,0
12422700502.0,0,1
12422701501.0,0,0
12422800401.0,0,0
12422801001.0,0,1
12422801801.0,0,1
12422900401.0,0,1
12423000301.0,0,1
12423000601.0,0,0
12423001501.0,0,1
12423002101.0,0,1
12423002303.0,0,1
12423002501.0,0,1
12423002701.0,0,1
12423002901.0,0,0
12423100101.0,0,0
12423100204.0,0,0
12423101203.0,0,1
12423102001.0,0,0
12423102201.0,0,0
12423200301.0,0,1
12423201301.0,0,1
12423202101.0,0,0
12423202201.0,0,0
12423202701.0,0,1
12423203101.0,0,0
12423300301.0,0,0
12423301301.0,0,0
12423301401.0,0,0
12423301501.0,0,1
12423301701.0,0,1
12423302801.0,0,0
12423302902.0,0,1
12423303601.0,0,0
12423400101.0,0,0
12423400501.0,0,0
12423402001.0,0,0
12423402301.0,0,0
12423402601.0,0,0
12423403101.0,0,0
12423500701.0,0,1
12423501301.0,0,1
12423501302.0,0,1
12423501401.0,0,0
12423501601.0,0,0
12423501701.0,0,0
12423501901.0,0,1
12423502101.0,0,1
12423502201.0,0,0
12423502401.0,0,1
12423600201.0,0,1
12423600401.0,0,1
12423600501.0,0,0
12423600801.0,0,1
12423600901.0,0,1
12423601501.0,0,0
12423601801.0,0,1
12423601901.0,0,1
12423602001.0,0,0
12423602601.0,0,0
12423602701.0,0,1
12423602702.0,0,0
12423602703.0,0,0
12423602801.0,0,1
12423602901.0,0,1
12423603201.0,0,1
12423603501.0,0,0
12423604101.0,0,0
12423700501.0,0,1
12423700701.0,0,1
12423700801.0,0,1
12423701001.0,0,0
12423701101.0,0,0
12423701701.0,0,0
12423701801.0,0,0
12423702301.0,0,0
12423800401.0,0,1
12423800501.0,0,1
12423800601.0,0,0
12423800801.0,0,1
12423800901.0,0,0
12423801001.0,0,1
12423801101.0,0,1
12423801301.0,0,1
12423801501.0,0,1
12423801601.0,0,1
12423801701.0,0,1
12423900401.0,0,1
12423900501.0,0,0
12423900701.0,0,0
12423901001.0,0,0
12423901301.0,0,1
12423901902.0,0,1
12423902201.0,0,1
12423902801.0,0,1
12423903201.0,0,1
12423903301.0,0,0
12424000901.0,0,1
12424001001.0,0,1
12424001101.0,0,1
12424001301.0,0,1
12424001601.0,0,1
12424001901.0,0,0
12424002001.0,0,1
12424100201.0,0,1
12424100301.0,0,0
12424100601.0,0,1
12424100801.0,0,0
12424100901.0,0,0
12424101001.0,0,0
12424101201.0,0,1
12424101501.0,0,1
12424101701.0,0,1
12424102001.0,0,0
12424102401.0,0,1
12424200602.0,0,1
12424200701.0,0,1
12424200801.0,0,1
12424201001.0,0,1
12424201101.0,0,1
12424201801.0,0,1
12424202201.0,0,1
12424300101.0,0,1
12424300201.0,0,1
12424300301.0,0,1
12424300302.0,0,0
12424300401.0,0,1
12424300501.0,0,1
12424300601.0,0,0
12424300701.0,0,1
12424300801.0,0,1
12424300901.0,0,1
12424301001.0,0,1
12424301201.0,0,0
12424301301.0,0,0
12424301501.0,0,1
12424301601.0,0,1
13110200101.0,0,1
13110200201.0,0,1
13110200401.0,0,1
13110200501.0,0,1
13110200601.0,0,1
13110200701.0,0,1
13110200901.0,0,1
13110201001.0,0,0
13110300301.0,0,1
13110400201.0,0,0
13110400301.0,0,1
13110400401.0,0,1
13110400501.0,0,1
13110400701.0,0,1
13110400801.0,0,1
13110401001.0,0,1
13110401102.0,0,1
13110401301.0,0,1
13110401401.0,0,1
13110401501.0,0,1
13110401601.0,0,1
13110401801.0,0,1
13110401901.0,0,1
13110402001.0,0,1
13110402201.0,0,1
13110402301.0,0,1
13110402501.0,0,1
13110402601.0,0,1
13110402701.0,0,0
13110402801.0,0,1
13110402901.0,0,1
13110403001.0,0,0
13110403201.0,0,1
13110403401.0,0,1
13110403501.0,0,1
13110403601.0,0,1
13110403901.0,0,0
13110500101.0,0,1
13110500201.0,0,1
13110500301.0,0,0
13110500401.0,0,0
13110500501.0,0,0
13110500601.0,0,1
13110700101.0,0,1
13110700201.0,0,1
13110700301.0,0,1
13110700401.0,0,1
13110700701.0,0,1
13110700801.0,0,0
13110701001.0,0,1
13110800201.0,0,1
13110800301.0,0,1
13110800401.0,0,0
13110800601.0,0,1
13110800801.0,0,1
13110800901.0,0,1
13110801001.0,0,0
13110801201.0,0,1
13110801301.0,0,0
13110801701.0,0,0
13110801801.0,0,1
13110801901.0,0,0
13110802001.0,0,0
13110802201.0,0,0
13110802301.0,0,1
13110802601.0,0,0
13110802801.0,0,0
13110802901.0,0,1
13110803001.0,0,1
13110900301.0,0,0
13110900501.0,0,1
13110900701.0,0,0
13110900901.0,0,1
13110901101.0,0,0
13110901201.0,0,1
13110901301.0,0,1
13110901401.0,0,0
13110901701.0,0,0
13110901901.0,0,0
13110902401.0,0,1
13111100101.0,0,1
13111100201.0,0,1
13111100301.0,0,1
13111100401.0,0,1
13111100501.0,0,1
13111100701.0,0,0
13111100801.0,0,1
13111101001.0,0,1
13111101301.0,0,1
13111101401.0,0,1
13111101601.0,0,1
13111101801.0,0,1
13111102001.0,0,1
13111102101.0,0,1
13111102301.0,0,0
13111102401.0,0,1
13111102501.0,0,1
13111102801.0,0,0
13111102901.0,0,1
13111200101.0,0,1
13111200201.0,0,1
13111200301.0,0,1
13111200401.0,0,1
13111200501.0,0,1
13111200601.0,0,0
13111200701.0,0,1
13111200801.0,0,0
13111200901.0,0,1
13111201001.0,0,1
13111201101.0,0,1
13111201201.0,0,1
13111201501.0,0,1
13111201601.0,0,1
13111201901.0,0,0
13111202001.0,0,1
13111202101.0,0,0
13111202301.0,0,1
13111202401.0,0,1
13111202501.0,0,0
13111202701.0,0,1
13111202901.0,0,0
13111203001.0,0,1
13111203101.0,0,1
13111203401.0,0,0
13111203501.0,0,1
13111203701.0,0,1
13111400101.0,0,0
13111400201.0,0,1
13111400301.0,0,0
13111400401.0,0,1
13111400501.0,0,1
13111400701.0,0,1
13111400801.0,0,0
13111400901.0,0,0
13111500101.0,0,0
13111500201.0,0,0
13111500301.0,0,1
13111500501.0,0,1
13111800301.0,0,0
13111800401.0,0,0
13111800501.0,0,1
13111800601.0,0,0
13111800701.0,0,0
13111900103.0,0,1
13111900401.0,0,1
13111900501.0,1,0
13111900801.0,0,1
13111900901.0,0,1
13111901001.0,0,1
13111901201.0,0,1
13111901301.0,0,1
13111901401.0,0,1
13111901601.0,0,1
13111901801.0,0,1
13112000101.0,0,1
13112000201.0,0,1
13112000501.0,0,0
13112001001.0,0,1
13112001101.0,0,1
13112101201.0,0,0
13112101301.0,0,0
13112101401.0,0,0
13112101501.0,0,0
13112102501.0,0,0
13112103001.0,0,0
13112103101.0,0,0
13112103201.0,0,0
13112200101.0,1,1
13112300101.0,0,0
13112400601.0,0,1
13112400901.0,0,1
13112401601.0,0,0
13112401801.0,0,0
13410100101.0,0,1
13410100301.0,0,0
13410100501.0,0,1
13410100901.0,0,0
13410100902.0,0,0
13410101001.0,0,1
13410101201.0,0,0
13410101501.0,0,1
13410101701.0,0,0
13410101801.0,0,0
13410102102.0,0,1
13410102601.0,0,1
13410103101.0,0,0
13410103501.0,0,1
13410103601.0,0,1
13410104101.0,0,1
13410104401.0,0,1
13410104601.0,0,1
13410104801.0,0,0
13410105001.0,0,1
13410105202.0,0,1
13410105501.0,0,0
13410200201.0,0,0
13410200701.0,0,1
13410201401.0,0,0
13410202001.0,0,1
13410202301.0,0,1
13410202401.0,0,0
13410202501.0,0,1
13410202701.0,0,1
13410203101.0,0,0
13410203201.0,0,0
13410203401.0,0,1
13410203701.0,0,0
13410203901.0,0,0
13410204001.0,0,1
13410205001.0,0,0
13410205201.0,0,0
13410205301.0,0,0
13410205401.0,0,1
13410205801.0,0,0
13410205901.0,0,1
13410301901.0,0,1
13410302301.0,0,0
13410302701.0,0,0
13410303201.0,0,1
13410402401.0,0,0
13410403101.0,0,1
13410501201.0,0,0
13410501401.0,0,1
13410501801.0,0,0
13410502601.0,0,1
13410502801.0,0,1
13410503201.0,0,1
13410503701.0,0,1
13410504101.0,0,0
13410504201.0,0,1
13410504901.0,0,0
13410505701.0,0,0
13410506703.0,0,0
13410600401.0,0,0
13410600901.0,0,1
13410601001.0,0,0
13410601702.0,0,0
13410602101.0,0,0
13410602501.0,0,1
13410602502.0,0,0
13410602601.0,0,1
13410603401.0,0,1
13410603501.0,0,0
13410603801.0,0,0
13410700101.0,0,0
13410700201.0,0,1
13410700301.0,0,1
13410700401.0,0,0
13410700502.0,0,1
13410700601.0,0,0
13410700701.0,0,0
13410700702.0,0,1
13410700901.0,0,1
13410700902.0,0,0
13410701001.0,0,0
13410701201.0,0,0
13410701602.0,0,0
13410800101.0,0,1
13410800801.0,0,1
13410801001.0,0,0
13410804801.0,0,0
13410900101.0,0,0
13410900701.0,0,0
13411000101.0,0,1
13411000701.0,0,0
13411001001.0,0,1
13411001701.0,0,1
13411001901.0,0,0
13411002302.0,0,1
13411002401.0,0,0
13411002601.0,0,1
13411003101.0,0,0
13411003801.0,0,0
13411004301.0,0,1
13411004901.0,0,1
13411005201.0,0,0
13411100301.0,0,0
13411100401.0,0,0
13411100801.0,0,1
13411102601.0,1,0
13411103705.0,0,0
13411200201.0,0,0
13411200601.0,0,1
13411201601.0,1,1
13411202401.0,0,0
13411203301.0,0,1
13411300201.0,0,0
13411300701.0,0,0
13411301501.0,0,1
13411305701.0,0,0
13411307601.0,0,0
13411401602.0,0,0
13411403501.0,0,0
13411405702.0,0,0
13411407104.0,0,0
13411407106.0,0,0
13411407401.0,0,0
13411502702.0,0,1
13411504501.0,0,0
13411600101.0,1,0
13411600601.0,0,0
13411600901.0,0,1
13411601702.0,0,1
13411603401.0,0,1
13411604001.0,0,0
13411701701.0,0,1
13411800601.0,0,1
13411800801.0,0,1
13411800901.0,0,0
13411801401.0,0,0
13411801501.0,0,0
13411802501.0,0,0
13411802901.0,0,0
13411803201.0,0,1
13411803401.0,0,1
13411803701.0,0,1
13411902001.0,0,1
13411903001.0,0,0
13411905101.0,0,0
13411906501.0,0,1
13422000101.0,0,0
13422000301.0,0,0
13422000401.0,0,1
13422000601.0,0,0
13422000701.0,0,0
13422000901.0,0,1
13422001401.0,0,0
13422001801.0,0,0
13422002001.0,0,0
13422100101.0,0,1
13422100201.0,0,1
13422100301.0,0,1
13422100701.0,0,1
13422100801.0,0,1
13422100901.0,0,0
13422101301.0,0,1
13422101401.0,0,1
13422101501.0,0,1
13422101801.0,0,1
13422200101.0,0,0
13422200201.0,0,1
13422200401.0,0,0
13422200501.0,0,0
13422200601.0,0,1
13422201301.0,0,1
13422202201.0,0,0
13422202701.0,0,0
13422202801.0,0,0
13422300401.0,0,1
13422300501.0,0,1
13422300601.0,0,0
13422300701.0,0,0
13422300702.0,0,0
13422301501.0,0,1
13422301601.0,0,0
13422301801.0,0,1
13422500201.0,0,1
13422500301.0,1,0
13422500405.0,0,0
13422500501.0,0,1
13422501501.0,0,1
13422501701.0,0,1
13422501802.0,0,0
13422600201.0,0,1
13422600501.0,0,1
13422600701.0,0,0
13422601101.0,0,0
13422601301.0,0,0
13422601401.0,0,0
13422700601.0,0,1
13422700901.0,0,0
13422701501.0,0,1
13422701601.0,0,0
13422702301.0,0,0
21110300101.0,0,0
21110300301.0,0,1
21110300401.0,0,1
21110300501.0,0,1
21110300601.0,0,1
21110300701.0,0,1
21110300801.0,0,1
21110301001.0,0,1
21110301101.0,0,1
21110301201.0,0,1
21110301301.0,0,1
21110301401.0,0,1
21110301501.0,0,1
21110400101.0,0,1
21110400201.0,0,1
21110400301.0,0,0
21110400501.0,0,0
21110500101.0,0,1
21110500201.0,0,0
21110500301.0,0,0
21110500401.0,0,0
21110500501.0,0,1
21110500601.0,0,0
21110500701.0,0,1
21110500801.0,0,1
21110500901.0,0,1
21110501001.0,0,0
21110501101.0,0,1
21110501201.0,0,1
21110501301.0,0,1
21110501401.0,0,1
21110501501.0,0,0
21110501701.0,0,1
21110501801.0,0,1
21110501901.0,0,1
21110502001.0,0,0
21110502301.0,0,1
21110600101.0,0,1
21110600201.0,0,1
21110600301.0,0,1
21110600401.0,0,1
21110600501.0,0,0
21110600601.0,0,0
21110600701.0,0,1
21110600901.0,0,1
21110601001.0,0,1
21110601101.0,0,0
21110601301.0,0,1
21110601501.0,0,0
21110601601.0,0,1
21110601901.0,0,1
21110602001.0,0,0
21110602101.0,0,0
21110602201.0,0,1
21110602301.0,0,0
21110602401.0,0,1
21110800101.0,0,0
21110800201.0,0,1
21110800301.0,0,1
21110800401.0,0,1
21110800501.0,0,1
21110800601.0,0,1
21110800602.0,0,0
21110800701.0,0,0
21110800801.0,0,1
21110800901.0,0,1
21110801001.0,0,1
21110801101.0,0,0
21110801201.0,0,0
21110801301.0,0,1
21110801401.0,0,1
21110900101.0,0,0
21110900201.0,0,1
21110900301.0,0,1
21110900401.0,0,0
21110900601.0,0,1
21111000101.0,0,1
21111000201.0,0,1
21111000301.0,0,1
21111000401.0,0,1
21111000501.0,0,1
21111000601.0,0,1
21111100101.0,0,1
21111100201.0,0,1
21111100301.0,0,1
21111100401.0,0,1
21111100501.0,0,1
21111100701.0,0,1
21111100801.0,0,1
21111100901.0,0,0
21111101001.0,0,1
21111101101.0,0,0
21111200101.0,0,1
21111200401.0,0,0
21111200501.0,0,1
21111200601.0,0,1
21111200701.0,0,1
21111200801.0,0,1
21111200901.0,0,0
21111201001.0,0,0
21111201101.0,0,0
21111201301.0,0,1
21111201401.0,0,1
21111201501.0,0,0
21111201601.0,0,1
21111201701.0,0,1
21111201801.0,0,0
21111201901.0,0,1
21111202001.0,0,0
21111202301.0,0,1
21111202401.0,0,0
21111202601.0,0,1
21111202901.0,0,1
21111203001.0,0,1
21111203101.0,0,1
21111203401.0,0,1
21111203501.0,0,0
21111203601.0,0,1
21111203801.0,0,1
21111204001.0,0,1
21111204101.0,0,0
21111204201.0,0,1
21111204301.0,0,0
21111204401.0,0,0
21111204501.0,0,1
21111204601.0,0,1
21111204701.0,0,1
21111204901.0,0,1
21111205101.0,0,1
21111205201.0,0,0
21111205601.0,0,0
21111205701.0,0,1
21111206001.0,0,1
21111206201.0,0,1
21111400101.0,0,1
21111400201.0,0,0
21111400301.0,0,1
21111400501.0,0,1
21111400901.0,0,1
21111800101.0,0,1
21111900101.0,0,1
21111900201.0,0,1
21111900301.0,0,1
21111900401.0,0,1
21111900601.0,0,1
21111900801.0,0,1
21112100201.0,0,1
21112100301.0,0,1
21112100401.0,0,0
21112100501.0,0,0
21112100601.0,0,0
21112100701.0,0,1
21112100801.0,0,1
21112100901.0,0,1
21112101001.0,0,1
21112101101.0,0,1
21112101201.0,0,1
21112101301.0,0,1
21112101401.0,0,1
21112101501.0,0,0
21112200101.0,0,1
21112200201.0,0,1
21112200301.0,0,1
21112200401.0,0,1
21112200501.0,0,0
21112200601.0,0,1
21112200701.0,0,0
21112200801.0,0,0
21112200901.0,0,0
21112201101.0,0,1
21112201201.0,0,0
21112201401.0,0,1
21112201501.0,0,1
21112300101.0,0,1
21112300201.0,0,1
21112300301.0,0,1
21112300401.0,0,1
21112400101.0,0,1
21112400201.0,0,1
21112400301.0,0,1
21112400401.0,0,1
21112500101.0,0,0
21112500201.0,0,1
21112500301.0,0,1
21112500401.0,0,1
21112500501.0,0,1
21112500601.0,0,1
21112500701.0,0,1
21112500702.0,0,1
21112500801.0,0,1
21112501101.0,0,0
21112501201.0,0,0
21112501301.0,0,1
21112501401.0,0,1
21112501501.0,0,1
21112501601.0,0,0
21112501701.0,0,0
21112501901.0,0,1
21112502001.0,0,1
21112502101.0,0,1
21112502301.0,0,0
21112502401.0,0,1
21112502501.0,0,0
21112502601.0,0,1
21112800101.0,0,1
21112800201.0,0,1
21112800401.0,0,1
21112800501.0,0,1
21112800601.0,0,1
21112800701.0,0,0
21112800801.0,0,1
21112800901.0,0,1
21112801001.0,0,0
21112801101.0,0,1
21112801201.0,0,1
21112801202.0,0,0
21112801301.0,0,1
21112801302.0,0,1
21112801401.0,0,1
21112801501.0,0,1
21201500201.0,0,1
21201500301.0,0,1
21201500401.0,0,1
21201500501.0,0,1
21420100101.0,0,1
21420100201.0,0,0
21420100301.0,0,1
21420100401.0,0,1
21420100501.0,0,1
21420100502.0,0,0
21420100601.0,0,1
21420100801.0,0,1
21420100901.0,0,1
21420101001.0,0,0
21420101101.0,0,1
21420101201.0,0,1
21420101301.0,0,0
21420101401.0,0,0
21420101501.0,0,0
21420200101.0,0,0
21420200201.0,0,1
21420200301.0,0,1
21420200401.0,0,1
21420200501.0,0,1
21420200601.0,0,1
21420200701.0,0,1
21420201001.0,0,0
21420201301.0,0,1
21420201401.0,0,1
21420201501.0,0,0
21420201601.0,0,1
21420201701.0,0,0
21420201801.0,0,0
21420300301.0,0,0
21420300501.0,0,1
21420300701.0,0,1
21420300801.0,0,1
21420301201.0,0,0
21420400101.0,0,1
21420400201.0,0,0
21420400301.0,0,1
21420400401.0,0,1
21420400501.0,0,1
21420400601.0,0,1
21420400801.0,0,1
21420400901.0,0,1
21420401001.0,0,1
21420401101.0,0,1
21420401201.0,0,0
21420401301.0,0,1
21420401401.0,0,1
21420500401.0,0,0
21420500501.0,0,1
21420500801.0,0,1
21420501001.0,0,0
21420600101.0,0,0
21420600201.0,0,1
21420600301.0,0,0
21420600401.0,0,1
21420600501.0,0,0
21420600601.0,0,0
21420600701.0,0,1
21420600801.0,0,0
21420601001.0,0,0
21420601101.0,0,1
21420700401.0,0,1
21420701101.0,0,0
21420701601.0,0,0
21420701801.0,0,1
21420701802.0,0,0
21420701901.0,0,0
22110100101.0,0,0
22110100201.0,0,1
22110100301.0,0,1
22110100401.0,0,0
22110100501.0,0,1
22110100601.0,0,1
22110100701.0,0,1
22110100801.0,0,1
22110100901.0,0,1
22110101001.0,0,1
22110101101.0,0,0
22110101201.0,0,1
22110101301.0,0,1
22110101401.0,0,1
22110101501.0,0,0
22110101601.0,0,1
22110101701.0,0,1
22110101801.0,0,1
22110102001.0,0,1
22110102101.0,0,0
22110102301.0,0,0
22110102501.0,0,1
22110102601.0,0,1
22110102801.0,0,1
22110102901.0,0,1
22110103001.0,0,1
22110103101.0,0,1
22110103201.0,0,1
22110103301.0,0,1
22110103401.0,0,1
22110103501.0,0,1
22110103601.0,0,0
22110103701.0,0,0
22110103801.0,0,0
22110103901.0,0,1
22110104001.0,0,1
22110104101.0,0,0
22110104201.0,0,1
22110104301.0,0,1
22110104401.0,0,1
22110104501.0,0,1
22110104601.0,0,1
22110104801.0,0,0
22110104901.0,0,1
22110105001.0,0,0
22110105101.0,0,1
22110105201.0,0,1
22110105301.0,0,1
22110105401.0,0,1
22110105501.0,0,1
22110105601.0,0,1
22110105701.0,0,1
22110105801.0,0,0
22110105901.0,0,1
22110106001.0,0,1
22110106101.0,0,1
22110200201.0,0,1
22110200301.0,0,1
22110400101.0,0,1
22110400201.0,0,0
22110400301.0,0,1
22110400401.0,0,1
22110400501.0,0,0
22110400601.0,0,1
22110400701.0,0,0
22110400801.0,0,1
22110400901.0,0,1
22110401001.0,0,1
22110600101.0,0,1
22110600201.0,0,1
22110600301.0,0,1
22110600401.0,0,1
22110600501.0,0,1
22110600601.0,0,1
22110700101.0,0,1
22110700201.0,0,1
22110700301.0,0,1
22110700601.0,0,1
22110700701.0,0,1
22110700801.0,0,0
22110700901.0,0,1
22110701001.0,0,1
22110701101.0,0,0
22110701201.0,0,0
22110701301.0,0,1
22110701401.0,0,1
22110701501.0,0,1
22110701601.0,0,1
22110701701.0,0,1
22110701801.0,0,1
22110701901.0,0,0
22110800101.0,0,1
22110800201.0,0,1
22110800301.0,0,1
22110800501.0,0,1
22110800601.0,0,1
22110800701.0,0,1
22110800801.0,0,1
22110800901.0,0,1
22111000101.0,0,0
22111000201.0,0,1
22111000301.0,0,1
22111000401.0,0,0
22111000501.0,0,1
22111000601.0,0,1
22111000701.0,0,1
22111000801.0,0,0
22111000901.0,0,1
22111001001.0,0,1
22111001201.0,0,1
22111400101.0,0,1
22111400201.0,0,1
22111400401.0,0,1
22111400501.0,0,0
22111400601.0,0,0
22111400701.0,0,1
22111400901.0,0,1
22111401001.0,0,1
22111401101.0,0,1
22111401201.0,0,1
22111401301.0,0,1
22111401401.0,0,1
22111401501.0,0,1
22111500101.0,0,0
22111500201.0,0,1
22111500401.0,0,1
22111500501.0,0,1
22111500601.0,0,1
22111500801.0,0,1
22111500901.0,0,1
22111501001.0,0,1
22111501101.0,0,0
22111501102.0,0,0
22111501201.0,0,0
22111501301.0,0,1
22111501401.0,0,1
22111501501.0,0,1
22111501601.0,0,0
22111600101.0,0,1
22111600201.0,0,0
22111600301.0,0,0
22111600401.0,0,1
22111600501.0,0,1
22111600601.0,0,1
22111600701.0,0,1
22111600801.0,0,0
22111600901.0,0,1
22111601001.0,0,0
22111601101.0,0,1
22111601201.0,0,1
22111601301.0,0,1
22111601401.0,0,0
22111601501.0,0,1
22111601601.0,0,0
22111601701.0,0,1
22111601801.0,0,1
22111601901.0,0,1
22111602001.0,0,1
22111602101.0,0,0
22111602102.0,0,0
22111602201.0,0,1
22111602301.0,0,1
22111602302.0,0,1
22111602303.0,0,1
22111602401.0,0,0
22111700101.0,0,0
22111700201.0,0,0
22111700401.0,0,1
22111700501.0,0,0
22111700601.0,0,0
22111700701.0,0,0
22111700801.0,0,1
22111701001.0,0,1
22111701101.0,0,1
22111701201.0,0,1
22111701301.0,0,1
22111701401.0,0,1
22111701501.0,0,1
22111701601.0,0,0
22111701701.0,0,1
22111701801.0,0,1
22111701901.0,0,0
22111702001.0,0,0
22111702101.0,0,0
22111702201.0,0,1
22111702301.0,0,0
22111702401.0,0,0
22111702501.0,0,0
22111702601.0,0,0
22111702701.0,0,0
22111702801.0,0,1
22111702901.0,0,0
22111703001.0,0,1
22111703101.0,0,1
22111703201.0,0,0
22111703301.0,0,0
22111703401.0,0,0
22111703501.0,0,1
22111703601.0,0,0
22111703701.0,0,0
22111703801.0,0,1
22111703901.0,0,1
22111704001.0,0,0
22111704002.0,0,0
22111704101.0,0,1
22111704201.0,0,1
22111704301.0,0,1
22111704401.0,0,0
22111900201.0,0,0
22111900301.0,0,1
22111900401.0,0,0
22111900501.0,0,1
22111900601.0,0,1
22111900701.0,0,1
22111900901.0,0,1
22111901001.0,0,1
22111901101.0,0,1
22112100101.0,0,1
22112100201.0,0,1
22112100301.0,0,1
22112100401.0,0,1
22112100501.0,0,1
22112100601.0,0,1
22112100701.0,0,0
22112100801.0,0,1
22112100901.0,0,0
22112101001.0,0,0
22112101101.0,0,0
22112101201.0,0,0
22112101301.0,0,0
22112101401.0,0,1
22112101501.0,0,0
22112101701.0,0,1
22112101801.0,0,1
22112102001.0,0,1
22112102101.0,0,1
22112102201.0,0,1
22112102301.0,0,1
22112102401.0,0,1
22112102501.0,0,0
22112102601.0,0,0
22112102701.0,0,1
22112102801.0,0,1
22112102901.0,0,1
22112103001.0,0,0
22112103201.0,0,1
22112103301.0,0,1
22112103501.0,0,1
22112103601.0,0,1
22112103701.0,0,1
22112103801.0,0,1
22112103901.0,0,1
22112104001.0,0,1
22112104101.0,0,0
22112104201.0,0,1
22112104301.0,0,1
22112104401.0,0,1
22112104501.0,0,1
22112104601.0,0,1
22112104701.0,0,0
22112104702.0,0,0
22112104801.0,0,1
22112300101.0,0,0
22112400101.0,0,1
22112400201.0,0,1
22112400401.0,0,0
22112400501.0,0,1
22112400601.0,0,1
22112400701.0,0,0
22112400801.0,0,1
22112400901.0,0,1
22112401001.0,0,1
22112401101.0,0,1
22112401301.0,0,1
22112401401.0,0,0
22112401501.0,0,1
22112401601.0,0,1
22112401701.0,0,0
22112600101.0,0,0
22112600102.0,0,1
22112600201.0,0,1
22112600301.0,0,0
22112600501.0,0,1
22112600601.0,0,0
22112600701.0,0,1
22112600801.0,0,1
22112600901.0,0,1
22112601001.0,0,1
22112601101.0,0,1
22112601201.0,0,0
22112601301.0,0,1
22112601401.0,0,1
22112601601.0,0,1
22112601701.0,0,1
22112601801.0,0,0
22112601901.0,0,1
22112602001.0,0,1
22112602101.0,0,1
22112602201.0,0,1
22112602202.0,0,0
22112602301.0,0,1
22112602401.0,0,1
22112602501.0,0,1
22112602701.0,0,0
22112602801.0,0,1
22112602901.0,0,1
22112603001.0,0,1
22112603101.0,0,1
22112603201.0,0,1
22112603301.0,0,1
22112603401.0,0,0
22112603601.0,0,1
22112603701.0,0,0
22112603801.0,0,1
22112700101.0,0,0
22112700201.0,0,1
22112800101.0,0,1
22112800201.0,0,0
22112800301.0,0,1
22112800401.0,0,1
22112800501.0,0,1
22112800601.0,0,1
22112800701.0,0,0
22112800801.0,0,1
22112800901.0,0,1
22112801001.0,0,0
22112801101.0,0,1
22112801201.0,0,1
22112801301.0,0,1
22112801401.0,0,1
22112801501.0,0,1
22112801601.0,0,1
22112801701.0,0,1
22112801801.0,0,0
22112801901.0,0,1
22112900101.0,0,1
22112900201.0,0,1
22112900301.0,0,1
22112900401.0,0,0
22112900501.0,0,1
22112900601.0,0,1
22112900801.0,0,1
22112900901.0,0,1
22112901001.0,0,1
22112901101.0,0,1
22112901201.0,0,1
22112901301.0,0,1
22112901401.0,0,1
22112901501.0,0,0
22112901601.0,0,1
22112901701.0,0,1
22112901901.0,0,1
22112902001.0,0,1
22112902101.0,0,1
22112902201.0,0,1
22112902301.0,0,1
22112902401.0,0,1
22112902501.0,0,1
22112902601.0,0,1
22112902701.0,0,1
22112902801.0,0,1
22112902901.0,0,1
22113200101.0,0,1
22113200201.0,0,0
22113200301.0,0,1
22113200401.0,0,1
22113200501.0,0,1
22113200601.0,0,1
22113200801.0,0,1
22113200901.0,0,0
22113201001.0,0,1
22113201101.0,0,1
22113201102.0,0,1
22113201201.0,0,0
22113201301.0,0,1
22113201401.0,0,1
22113201501.0,0,1
22113201601.0,0,1
22113500101.0,0,1
22113500201.0,0,1
22113500301.0,0,0
22113500401.0,0,1
22113500501.0,0,0
22113500801.0,0,1
22113500901.0,0,1
22113501101.0,0,1
22113501201.0,0,1
22113501401.0,0,1
22113501501.0,0,1
22113501601.0,0,0
22113501701.0,0,1
22113501801.0,0,1
22113501901.0,0,1
22113502101.0,0,1
22113502201.0,0,1
22113502301.0,0,0
22113502302.0,0,1
22113502401.0,0,1
22113502601.0,0,1
22113502701.0,0,1
22113502801.0,0,1
22113502901.0,0,1
22113503001.0,0,1
22113503101.0,0,0
22113503201.0,0,1
22113503501.0,0,1
22113503601.0,0,0
22113503701.0,0,0
22113503801.0,0,0
22113503901.0,0,1
22113504001.0,0,1
22113504101.0,0,1
22113504201.0,0,1
22113504301.0,0,1
22113504401.0,0,1
22113504501.0,0,1
22420100101.0,0,1
22420100301.0,0,0
22420100401.0,0,1
22420100402.0,0,0
22420100501.0,0,1
22420100602.0,0,1
22420100701.0,0,0
22420100801.0,0,1
22420100901.0,0,0
22420101001.0,0,1
22420101101.0,0,1
22420101201.0,0,1
22420101401.0,0,1
22420101601.0,0,1
22420101602.0,0,1
22420101701.0,0,1
22420101801.0,0,1
22420101802.0,0,0
22420101901.0,0,1
22420102001.0,0,1
22420200101.0,0,0
22420200301.0,0,1
22420200401.0,0,1
22420200601.0,0,1
22420200701.0,0,1
22420200801.0,0,0
22420200901.0,0,1
22420201001.0,0,0
22420201101.0,0,0
22420201201.0,0,1
22420201301.0,0,1
22420300101.0,0,1
22420300201.0,0,1
22420300301.0,0,0
22420300401.0,0,0
22420300501.0,0,0
22420300601.0,0,0
22420300701.0,0,0
22420300702.0,0,1
22420300801.0,0,0
22420300901.0,0,0
22420301001.0,0,0
22420301101.0,0,1
22420301301.0,0,1
22420301501.0,0,1
22420400101.0,0,1
22420400201.0,0,1
22420400401.0,0,0
22420400501.0,0,0
22420400601.0,0,1
22420400701.0,0,1
22420400801.0,0,1
22420400901.0,0,1
22420401001.0,0,1
22420401101.0,0,1
22420401201.0,0,1
22420401301.0,0,0
22420401401.0,0,1
22420500101.0,0,1
22420500401.0,0,0
22420500701.0,0,0
22420500903.0,0,0
22420501001.0,0,0
22420501101.0,0,1
22420501301.0,0,0
22420501401.0,0,1
22420501601.0,0,1
22420600101.0,0,1
22420600201.0,0,1
22420600501.0,0,0
22420600801.0,0,1
22420600802.0,0,1
22420600901.0,0,0
22420601001.0,0,0
22420601102.0,0,0
22420601201.0,0,1
22420601301.0,0,1
22420601401.0,0,0
22420601501.0,0,1
22420700101.0,0,1
22420700201.0,0,1
22420700301.0,0,0
22420700401.0,0,0
22420700501.0,0,1
22420700601.0,0,1
22420700701.0,0,1
22420700801.0,0,1
22420700901.0,0,1
22420701101.0,0,1
22420701201.0,0,0
22420701301.0,0,1
22420800301.0,0,0
22420800401.0,0,1
22420800501.0,0,1
22420800701.0,0,1
22420800801.0,0,1
22420800901.0,0,1
22420801001.0,0,0
22420801101.0,0,1
22420900101.0,0,1
22420900401.0,0,1
22420900601.0,0,0
22420900801.0,0,1
22420900901.0,0,0
22420901001.0,0,1
22420901101.0,0,1
22420901201.0,0,1
22420901301.0,0,1
22420901501.0,0,1
23110100101.0,1,1
23110100301.0,0,1
23110100601.0,0,1
23110100701.0,0,1
23110100801.0,0,1
23110100901.0,0,1
23110101001.0,0,1
23110101101.0,0,1
23110101201.0,0,1
23110101301.0,0,1
23110101401.0,0,1
23110101501.0,0,1
23110101601.0,0,1
23110101701.0,0,1
23110101901.0,0,1
23110102001.0,0,0
23110200101.0,0,1
23110300101.0,0,1
23110300301.0,0,1
23110300401.0,0,1
23110300501.0,0,1
23110300601.0,0,1
23110400101.0,0,1
23110400201.0,0,1
23110400301.0,0,1
23110400401.0,0,1
23110400501.0,0,1
23110400601.0,0,1
23110400701.0,0,1
23110400801.0,0,1
23110400901.0,0,1
23110401001.0,0,1
23110401101.0,0,1
23110401301.0,0,1
23110401401.0,0,1
23110401501.0,0,1
23110401601.0,0,1
23110401701.0,0,1
23110401801.0,0,1
23110500101.0,0,1
23110500201.0,0,1
23110500301.0,0,1
23110500401.0,0,1
23110500501.0,0,1
23110500601.0,0,1
23110500701.0,0,1
23110500801.0,0,1
23110500901.0,0,1
23110501001.0,0,1
23110501101.0,0,1
23110501201.0,0,1
23110501401.0,0,1
23110501501.0,0,1
23110501601.0,0,1
23110501701.0,0,1
23110501801.0,0,1
23110501901.0,0,1
23110600101.0,0,1
23110600201.0,0,1
23110600301.0,0,1
23110600401.0,0,1
23110600501.0,0,1
23110600601.0,0,1
23110600701.0,0,1
23110600801.0,0,1
23110601001.0,0,1
23110601101.0,0,1
23110601201.0,0,1
23110601301.0,0,1
23110700101.0,0,1
23110700201.0,0,1
23110700301.0,0,1
23110700401.0,0,1
23110700501.0,0,1
23110700601.0,0,1
23110700701.0,0,1
23110900101.0,1,1
23110900201.0,0,1
23110900301.0,0,1
23110900401.0,0,1
23110900501.0,0,1
23111000101.0,0,0
23111000201.0,0,1
23111000301.0,0,1
23111000401.0,0,1
23111000501.0,0,1
23111000601.0,0,1
23111000701.0,0,1
23111000801.0,0,0
23111000901.0,0,1
23111001001.0,0,1
23111001101.0,0,0
23111001201.0,0,1
23111001301.0,0,0
23111001401.0,0,1
23111001501.0,0,1
23111001601.0,0,1
23111001701.0,0,1
23111001801.0,0,1
23111002001.0,0,1
23111002101.0,0,1
23111002201.0,0,1
23111002301.0,0,1
23111002401.0,0,1
23111100101.0,0,1
23111100201.0,0,1
23111100301.0,0,1
23111100401.0,0,1
23111100501.0,0,1
23111100601.0,0,1
23111100701.0,0,1
23111100801.0,0,1
23111100901.0,0,0
23111101001.0,0,1
23111101201.0,0,1
23111101301.0,0,1
23111101401.0,0,1
23111101501.0,0,1
23111101601.0,0,0
23111101602.0,0,1
23111101701.0,0,1
23111101801.0,0,1
23111101901.0,0,0
23111102001.0,0,1
23111102101.0,0,1
23111102201.0,0,1
23111102301.0,0,1
23111102401.0,0,1
23111102501.0,0,1
23111102701.0,0,1
23111300101.0,0,1
23111300201.0,0,1
23111300301.0,0,1
23111300401.0,0,1
23111300501.0,0,1
23111500101.0,0,1
23111500201.0,0,0
23111500301.0,0,1
23111500401.0,0,1
23111500501.0,0,1
23111500601.0,0,1
23111500701.0,0,1
23111500801.0,0,1
23111500901.0,0,1
23111501001.0,0,1
23111501101.0,0,1
23111501201.0,0,1
23111501301.0,0,1
23111501401.0,0,1
23111501601.0,0,1
23111501801.0,0,1
23111501901.0,0,1
23111502001.0,0,1
23111502101.0,0,1
23111502201.0,0,1
23111502301.0,0,1
23111502501.0,0,1
23111502601.0,0,1
23111502701.0,0,1
23111502801.0,0,0
23111502901.0,0,0
23111503001.0,0,0
23111600201.0,0,1
23111700201.0,0,1
23111700202.0,0,1
23111700401.0,0,1
23111700501.0,0,1
23111900101.0,0,1
23112100101.0,0,1
23112100201.0,0,1
23112100202.0,0,1
23112100301.0,0,1
23112100302.0,0,0
23112100501.0,0,1
23112100601.0,0,1
23112100701.0,0,1
23112100801.0,0,1
23112100901.0,0,1
23112101001.0,0,1
23112101101.0,0,1
23112101201.0,0,1
23112101301.0,0,1
23112101401.0,1,1
23112101501.0,0,1
23112101601.0,0,1
23112101701.0,0,1
23112101801.0,0,1
23112101901.0,0,1
23112102001.0,0,1
23112102101.0,0,0
23112200101.0,0,1
23112200102.0,0,0
23112200201.0,0,1
23112200401.0,0,1
23112300101.0,0,1
23112300201.0,0,1
23112300301.0,0,0
23112300401.0,0,1
23112300501.0,0,1
23112300601.0,0,1
23112300701.0,0,0
23112400101.0,0,1
23112400301.0,0,1
23112400401.0,0,1
23420100101.0,0,1
23420100201.0,0,1
23420100301.0,0,1
23420100401.0,0,0
23420100501.0,0,1
23420100601.0,0,1
23420100702.0,0,1
23420100901.0,0,1
23420101101.0,0,1
23420101201.0,0,0
23420101301.0,0,1
23420101302.0,0,1
23420101401.0,0,1
23420101501.0,0,1
23420101502.0,0,1
23420200301.0,0,1
23420200501.0,0,1
23420200601.0,0,1
23420200701.0,0,1
23420200801.0,0,1
23420201102.0,0,1
23420201201.0,0,1
23420201302.0,0,1
23420300101.0,0,1
23420300201.0,0,1
23420300301.0,0,1
23420300401.0,0,1
23420300501.0,0,1
23420300601.0,0,1
23420300701.0,0,1
23420300801.0,0,1
23420300901.0,0,1
23420301001.0,0,1
23420301101.0,0,1
23420301201.0,0,1
23420301301.0,0,1
23420301401.0,0,1
24110100101.0,0,1
24110100201.0,0,1
24110100301.0,0,1
24110100401.0,0,0
24110100501.0,0,0
24110100701.0,0,1
24110100901.0,0,1
24110101001.0,0,1
24110500101.0,0,1
24110500201.0,0,0
24110500301.0,0,1
24110500401.0,0,1
24110500501.0,0,1
24110500601.0,0,1
24110500701.0,0,1
24110500801.0,0,1
24110500901.0,0,1
24110501001.0,0,1
24110501101.0,0,1
24110501201.0,0,1
24110501301.0,0,1
24110501401.0,0,1
24110501501.0,0,1
24110501601.0,0,1
24110501701.0,0,1
24110501801.0,0,0
24110502001.0,0,1
24110502101.0,0,1
24110502201.0,0,1
24110502301.0,0,1
24110502401.0,0,1
24110502501.0,0,1
24110502601.0,0,1
24110502801.0,0,1
24110502901.0,0,1
24110503001.0,0,1
24110503101.0,0,1
24110503201.0,0,0
24110503301.0,0,0
24110503401.0,0,1
24110503501.0,0,0
24110503601.0,0,0
24110503701.0,0,1
24110503801.0,0,0
24110503901.0,0,1
24110504001.0,0,1
24110600101.0,0,1
24110600201.0,0,1
24110600301.0,0,0
24110600501.0,0,1
24110600601.0,0,0
24110600602.0,0,1
24110600701.0,0,1
24110600801.0,0,1
24110601001.0,0,1
24110601101.0,0,0
24110601201.0,0,0
24110601301.0,0,0
24110601401.0,0,1
24110601501.0,0,0
24110601601.0,0,0
24110601801.0,0,0
24110601901.0,0,1
24110602201.0,0,0
24110602301.0,0,0
24110602401.0,0,0
24110602501.0,0,1
24110602701.0,0,1
24110602801.0,0,1
24110602901.0,0,1
24110603001.0,0,1
24110603101.0,0,1
24110603201.0,0,1
24110603301.0,0,1
24110603401.0,0,1
24110603501.0,0,0
24110603601.0,0,1
24110603701.0,0,0
24110603801.0,0,1
24110603901.0,0,0
24110604101.0,0,1
24110604201.0,0,1
24110604301.0,0,0
24110604401.0,0,1
24110604601.0,0,1
24110604701.0,0,0
24110604801.0,0,1
24110604901.0,0,0
24110605001.0,0,1
24110605101.0,0,1
24110605201.0,0,1
24110605401.0,0,0
24110605501.0,0,0
24110605601.0,0,0
24110605701.0,0,1
24110605801.0,0,1
24110605901.0,0,1
24110606001.0,0,1
24110606101.0,0,0
24110606201.0,0,0
24110606301.0,0,1
24110606401.0,0,1
24110700201.0,0,1
24110700401.0,0,1
24110700601.0,0,1
24110700701.0,0,1
24110700901.0,0,0
24110701001.0,0,1
24110701101.0,0,0
24110701201.0,0,1
24110701301.0,0,1
24110701401.0,0,0
24110701601.0,0,0
24110701701.0,0,0
24110701901.0,0,1
24110702401.0,0,0
24110702501.0,0,0
24110702701.0,0,0
24110702801.0,0,0
24110702901.0,0,1
24110703001.0,0,0
24110703101.0,0,1
24110703201.0,0,0
24110703301.0,0,1
24110703401.0,0,1
24110703501.0,0,0
24110703601.0,0,1
24110703801.0,0,1
24110703901.0,0,0
24110704201.0,0,1
24110704401.0,0,1
24110704601.0,0,1
24110704701.0,0,1
24110704801.0,0,0
24110704901.0,0,0
24110705001.0,0,1
24110705101.0,0,1
24110705301.0,0,1
24110705401.0,0,0
24110705501.0,0,1
24110705701.0,0,0
24110705801.0,0,0
24110705901.0,0,0
24110706001.0,0,1
24110706101.0,0,0
24110706201.0,0,0
24110900101.0,0,1
24110900201.0,0,1
24110900301.0,0,1
24110900401.0,0,0
24110900601.0,0,0
24110900701.0,0,1
24110900801.0,0,1
24110901001.0,0,1
24110901101.0,0,1
24110901201.0,0,1
24110901301.0,0,1
24110901302.0,0,0
24110901401.0,0,0
24110901501.0,0,1
24110901601.0,0,0
24110901701.0,0,1
24110901801.0,0,0
24110901901.0,0,1
24110902101.0,0,0
24110902201.0,0,1
24110902301.0,0,0
24110902401.0,0,0
24110902501.0,0,0
24110902601.0,0,1
24110902701.0,0,1
24110902801.0,0,1
24110903001.0,0,0
24110903101.0,0,1
24111100201.0,0,1
24111100301.0,0,1
24111100401.0,0,1
24111100501.0,0,1
24111100601.0,0,1
24111100701.0,0,1
24111100801.0,0,1
24111100901.0,0,1
24111101001.0,0,1
24111101101.0,0,1
24111101201.0,0,1
24111101301.0,0,1
24111101501.0,0,1
24111101601.0,0,1
24111101701.0,0,1
24111101801.0,0,1
24111101901.0,0,1
24111102001.0,0,1
24111102101.0,0,1
24111102201.0,0,1
24111102301.0,0,1
24111102401.0,0,1
24111102501.0,0,1
24111102601.0,0,0
24111102701.0,0,1
24111102801.0,0,0
24111102901.0,0,0
24111103001.0,0,0
24111103101.0,0,0
24111103201.0,0,1
24111103301.0,0,1
24111103401.0,0,1
24111103501.0,0,0
24111103601.0,0,1
24111103701.0,0,1
24111200101.0,0,1
24111200201.0,0,1
24111200301.0,0,1
24111200401.0,0,0
24111200501.0,0,1
24111200601.0,0,0
24111300101.0,0,1
24111300201.0,0,1
24111300401.0,0,0
24111300601.0,0,1
24111300701.0,0,1
24111300801.0,0,0
24111300901.0,0,1
24111301001.0,0,0
24111301101.0,0,1
24111301201.0,0,1
24111301301.0,0,1
24111301401.0,0,1
24111301501.0,0,1
24111301601.0,0,1
24111301701.0,0,1
24111301801.0,0,1
24111301901.0,0,1
24111500101.0,0,1
24111500201.0,0,1
24111500301.0,0,1
24111500401.0,0,0
24111500501.0,0,1
24111500601.0,0,0
24111500701.0,0,1
24111500801.0,0,0
24111500901.0,0,1
24111501001.0,0,1
24111501101.0,0,1
24111501201.0,0,1
24111600101.0,0,1
24111600201.0,0,0
24111600301.0,0,0
24111600401.0,0,1
24111600502.0,0,0
24111600503.0,0,0
24111600801.0,0,1
24111600901.0,0,1
24111601001.0,0,0
24111601101.0,0,1
24111601201.0,0,1
24111601601.0,0,1
24111601701.0,0,1
24111601801.0,0,1
24111601901.0,0,0
24111602101.0,0,0
24111602201.0,0,1
24111602403.0,0,0
24111602501.0,0,1
24111602601.0,0,0
24111602701.0,0,1
24111602801.0,0,1
24111602901.0,0,1
24111603001.0,0,1
24111603201.0,0,0
24111603301.0,0,1
24111603401.0,0,0
24111603501.0,0,1
24111603901.0,0,0
24111604001.0,0,1
24111604101.0,0,1
24111604201.0,0,1
24111604301.0,0,1
24111604401.0,0,1
24111604701.0,0,1
24111604801.0,0,1
24111604901.0,0,1
24111605001.0,0,1
24111605101.0,0,1
24111605401.0,0,0
24111605501.0,0,1
24111605601.0,0,0
24111605701.0,0,1
24111605801.0,0,1
24111605901.0,0,0
24111606001.0,0,1
24111606101.0,0,1
24111606301.0,0,1
24111606401.0,0,1
24111606601.0,0,0
24111606701.0,0,0
24111700101.0,0,0
24111700201.0,0,1
24111700401.0,0,0
24111700701.0,0,1
24111700801.0,0,0
24111700901.0,0,1
24111701001.0,0,1
24111701101.0,0,0
24111701201.0,0,0
24111701301.0,0,0
24111701401.0,0,1
24111800101.0,0,0
24111800201.0,0,1
24111800301.0,0,0
24111800401.0,0,1
24111800501.0,0,1
24111800601.0,0,1
24111800801.0,0,1
24111800901.0,0,1
24111801001.0,0,1
24111801101.0,0,1
24111801201.0,0,1
24112000101.0,0,0
24112000201.0,0,1
24112000301.0,0,1
24112000401.0,0,0
24112000501.0,0,1
24112000601.0,0,0
24112000901.0,0,1
24112001101.0,0,1
24112001201.0,0,0
24112001601.0,0,1
24112001701.0,0,1
24112002001.0,0,1
24112002201.0,0,1
24112300201.0,0,1
24112400101.0,0,1
24112500101.0,0,1
24112500201.0,0,1
24112500301.0,0,0
24112500401.0,0,1
24112500601.0,0,0
24112600201.0,0,1
24112600401.0,0,1
24112600601.0,0,1
24112600701.0,0,1
24112600801.0,0,1
24200200101.0,0,0
24410100201.0,0,1
24410100301.0,0,0
24410100601.0,0,1
24410100701.0,0,0
24410100901.0,0,1
24410101301.0,0,0
24410101401.0,0,1
24410101501.0,0,0
24410101601.0,0,0
24410101603.0,0,0
24410101701.0,0,0
24410101805.0,0,1
24410102101.0,0,1
24410102301.0,0,1
24410102302.0,0,1
24410102701.0,0,0
24410102801.0,0,0
24410102901.0,0,0
24410103101.0,0,1
24410103301.0,0,1
24410103501.0,0,1
24410103801.0,0,1
24410103901.0,0,1
24410104001.0,0,0
24410104101.0,0,1
24410104301.0,0,0
24410104701.0,0,0
24410105001.0,0,0
24410105201.0,0,0
24410200101.0,0,1
24410200201.0,0,0
24410200501.0,0,1
24410203401.0,0,0
24420300101.0,0,1
24420300301.0,0,1
24420300401.0,0,0
24420300701.0,0,0
24420300801.0,0,1
24420300901.0,0,0
24420301001.0,0,0
24420301101.0,0,1
24420301201.0,0,1
24420301301.0,0,1
24420301401.0,0,1
24420400101.0,0,1
24420400201.0,0,1
24420400501.0,0,1
24420400601.0,0,0
24420400701.0,0,1
24420400801.0,0,0
24420400901.0,0,1
24420401001.0,0,1
24420401201.0,0,0
24420401501.0,0,0
24420500101.0,0,1
24420500201.0,0,1
24420500501.0,0,1
24420500601.0,0,1
24420500701.0,0,0
24420500801.0,0,1
24420500901.0,0,1
24420501001.0,0,1
24420501101.0,0,0
24420501201.0,0,1
24420501301.0,0,1
24420501401.0,0,1
24420501501.0,0,1
24420501601.0,0,1
24420600401.0,0,1
24420600601.0,0,1
24420700601.0,0,0
24420700801.0,0,1
24420700901.0,0,1
24420701402.0,0,1
24420701501.0,0,1
24420800101.0,0,1
24420800201.0,0,0
24420800401.0,0,1
24420800501.0,0,1
24420800601.0,0,0
24420801601.0,0,1
24420900101.0,0,0
24420900201.0,0,1
24420900301.0,0,0
24420900401.0,0,0
24420900501.0,0,1
24420900601.0,0,1
24420900701.0,0,0
24420900801.0,0,1
24420900901.0,0,0
24420901001.0,0,0
24420901101.0,0,1
24420901301.0,0,1
24421000101.0,0,0
24421000201.0,0,0
24421000501.0,0,1
24421000502.0,0,1
24421000601.0,0,1
24421000701.0,0,0
24421000801.0,0,1
24421001001.0,0,1
24421001101.0,0,1
24421100701.0,0,1
24421100801.0,0,0
24421100802.0,0,0
24421100901.0,0,1
24421101001.0,0,1
24421101102.0,0,0
24421200301.0,0,1
24421200303.0,0,0
24421200501.0,1,1
24421200701.0,0,0
24421200801.0,0,1
24421200901.0,0,1
24421201101.0,0,1
24421300101.0,0,1
24421300201.0,0,0
24421300301.0,0,1
24421300401.0,0,1
24421300402.0,0,1
24421300501.0,0,1
24421300801.0,0,1
24421300901.0,0,1
24421301001.0,0,1
24421301101.0,0,0
24421301201.0,0,1
24421301301.0,0,0
24421301401.0,0,0
24421400101.0,0,1
24421400201.0,0,1
24421400301.0,0,1
24421400401.0,0,1
24421400501.0,0,0
24421400601.0,0,1
24421400602.0,0,1
24421400701.0,0,1
24421400801.0,0,1
24421400901.0,0,1
24421401101.0,0,1
24421401201.0,0,1
24421500101.0,0,1
24421500201.0,0,1
24421500401.0,0,0
24421500701.0,0,0
24421500801.0,0,0
24421600201.0,0,1
24421600202.0,0,0
24421600203.0,0,0
24421600301.0,0,1
24421600401.0,0,1
24421600501.0,0,1
24421600601.0,0,0
24421600701.0,0,1
24421600801.0,0,0
24421600901.0,0,0
24421700101.0,0,1
24421700201.0,0,1
24421700301.0,0,0
24421700402.0,0,1
24421700801.0,0,0
24421701001.0,0,1
24421701002.0,0,1
24421701101.0,0,1
24421800101.0,0,1
24421800201.0,0,1
24421800301.0,0,1
24421800401.0,0,0
24421800501.0,0,1
24421800601.0,0,1
24421800701.0,0,1
24421800801.0,0,0
24421800901.0,0,0
24421801001.0,0,1
24421801101.0,0,0
24421801301.0,0,1
24421801501.0,0,1
24421801502.0,0,0
24421801601.0,0,1
24421900701.0,0,1
24421900901.0,0,1
24421901001.0,0,1
25110200101.0,0,1
25110200201.0,0,0
25110200301.0,0,1
25110200401.0,0,1
25110200501.0,0,1
25110200601.0,0,1
25110200701.0,0,1
25110200801.0,0,1
25110200901.0,0,1
25110201001.0,0,1
25110201101.0,0,1
25110201201.0,0,1
25110201301.0,0,1
25110201401.0,0,1
25110500101.0,0,1
25110500201.0,0,1
25110500301.0,0,1
25110500401.0,0,1
25110500501.0,0,1
25110500601.0,0,1
25110500801.0,0,1
25110500901.0,0,1
25110501301.0,0,0
25110501601.0,0,1
25110501701.0,0,1
25110501801.0,0,1
25110501901.0,0,1
25110502001.0,0,0
25110502101.0,0,1
25110600101.0,0,1
25110600201.0,0,1
25110600301.0,0,1
25110600501.0,0,1
25110600601.0,0,1
25110600701.0,0,1
25110600801.0,0,1
25110600901.0,0,1
25110601101.0,0,1
25110601301.0,0,1
25110601401.0,0,1
25110601501.0,0,1
25110601601.0,0,1
25110700101.0,0,0
25110700201.0,0,1
25110700301.0,0,1
25110700601.0,0,1
25110700801.0,0,1
25110700901.0,0,1
25110701101.0,0,1
25110701201.0,0,1
25110701301.0,0,1
25110701401.0,0,1
25110701501.0,0,1
25110701601.0,0,1
25110701701.0,0,1
25110701801.0,0,1
25110702001.0,0,1
25110702002.0,0,1
25110702101.0,0,0
25110900101.0,0,1
25110900201.0,0,1
25110900301.0,0,0
25110900401.0,0,1
25110900501.0,0,1
25110900601.0,0,1
25110900701.0,0,1
25110900801.0,0,1
25110900901.0,0,1
25110901001.0,0,1
25110901101.0,0,0
25110901201.0,0,1
25110901301.0,0,1
25110901401.0,0,1
25110901501.0,0,1
25110901601.0,0,1
25110901701.0,0,1
25110902001.0,0,1
25110902101.0,0,1
25110902201.0,0,1
25110902301.0,0,1
25110902401.0,0,0
25110902501.0,0,1
25110902601.0,0,1
25110902701.0,0,1
25110902801.0,0,1
25110902901.0,0,1
25110903001.0,0,1
25110903101.0,0,1
25110903201.0,0,1
25110903401.0,0,1
25110903601.0,0,1
25110903801.0,0,1
25111000101.0,0,0
25111000201.0,0,0
25111000301.0,0,1
25111000401.0,0,0
25111000501.0,0,1
25111000701.0,0,1
25111000801.0,0,1
25111000901.0,0,1
25111001001.0,0,1
25111001101.0,0,1
25111001201.0,0,1
25111001301.0,0,1
25111001401.0,0,1
25111001501.0,0,1
25111001601.0,0,1
25111001701.0,0,1
25111001801.0,0,1
25111002101.0,0,0
25111100101.0,0,1
25111100201.0,0,1
25111100301.0,0,1
25111100401.0,0,1
25111100501.0,0,0
25111100601.0,0,1
25111100701.0,0,1
25111100801.0,0,1
25111100901.0,0,1
25111101001.0,0,1
25111200101.0,0,1
25111200201.0,0,1
25111200301.0,0,1
25111200401.0,0,1
25111200601.0,0,1
25111200701.0,0,1
25111200702.0,0,1
25111200801.0,0,1
25111200901.0,0,1
25111201001.0,0,1
25111201101.0,0,1
25111201201.0,0,1
25111201301.0,0,1
25111201401.0,0,1
25111201501.0,0,1
25111201601.0,0,1
25111201701.0,0,1
25111201801.0,0,1
25111201901.0,0,1
25111202001.0,0,1
25111300101.0,0,1
25111300201.0,0,1
25111300301.0,0,1
25111300401.0,0,1
25111300501.0,0,1
25111300801.0,0,0
25111300901.0,0,1
25111400101.0,0,1
25111400201.0,0,0
25111400301.0,0,1
25111400401.0,0,1
25111400501.0,0,1
25111400601.0,0,1
25111400701.0,0,1
25111400901.0,0,1
25111401001.0,0,1
25111401101.0,0,1
25111401201.0,0,1
25111500101.0,0,1
25111500201.0,0,1
25111500401.0,0,1
25111500501.0,0,1
25111500701.0,0,1
25111500801.0,0,1
25111500901.0,0,1
25111501001.0,0,1
25111501101.0,0,1
25111501201.0,0,1
25111501301.0,0,1
25111501501.0,0,1
25111501901.0,0,1
25111502001.0,0,1
25111502101.0,0,1
25111502201.0,0,0
25111502301.0,0,1
25111502401.0,0,1
25111502601.0,0,1
25111502701.0,0,0
25111503001.0,0,0
25111503701.0,0,1
25111505001.0,0,1
25111505101.0,0,1
25111505401.0,0,1
25111505501.0,0,1
25111505601.0,0,1
25111505701.0,0,1
25111505801.0,0,1
25111505901.0,0,1
25111506001.0,0,1
25111506101.0,0,1
25111506201.0,0,1
25111600101.0,0,1
25111600201.0,0,0
25111600301.0,0,1
25111600401.0,0,1
25111600501.0,0,0
25111600601.0,0,1
25111600701.0,0,1
25111600801.0,0,1
25111700201.0,0,1
25111700301.0,0,1
25111700401.0,0,1
25111700601.0,0,1
25111700701.0,0,1
25111700901.0,0,1
25111701001.0,0,1
25111701101.0,0,1
25111701201.0,0,0
25111701301.0,0,1
25111701401.0,0,1
25111701501.0,0,1
25111800101.0,0,1
25111800401.0,0,1
25111800501.0,0,1
25111800601.0,0,1
25111800701.0,0,1
25111800801.0,0,0
25111801001.0,0,1
25111900101.0,0,1
25111900201.0,0,0
25111900301.0,0,1
25111900401.0,0,1
25112000201.0,0,1
25112000401.0,0,1
25112000501.0,0,1
25112000601.0,0,1
25112000701.0,0,1
25112000801.0,0,1
25112000901.0,0,1
25112001001.0,0,1
25112001101.0,0,1
25112001201.0,0,1
25112001301.0,0,1
25112100201.0,0,1
25112100202.0,0,0
25112100301.0,0,1
25112100401.0,0,1
25112100501.0,0,1
25112100601.0,0,0
25112100701.0,0,1
25112100702.0,0,0
25112100801.0,0,1
25112100901.0,0,1
25112101001.0,0,1
25112101102.0,0,1
25112101201.0,0,0
25112101301.0,0,1
25112101403.0,0,1
25112101404.0,0,1
25112101405.0,0,1
25112101601.0,0,0
25112101701.0,0,1
25112101801.0,0,1
25112101901.0,0,1
25112102001.0,0,1
25112102101.0,0,1
25112102201.0,0,1
25112102301.0,0,0
25112300201.0,0,1
25112300301.0,0,1
25112300401.0,0,1
25112300701.0,0,1
25112300801.0,0,1
25112300901.0,0,1
25112301001.0,0,1
25112301101.0,0,1
25112301301.0,0,1
25112301501.0,0,0
25112301601.0,0,1
25112301701.0,0,1
25112301901.0,0,1
25112400101.0,0,1
25112400201.0,0,1
25112400301.0,0,1
25112400401.0,0,1
25112400501.0,0,1
25112400601.0,0,0
25112400701.0,0,1
25112400801.0,0,1
25112401001.0,0,1
25420100101.0,0,1
25420100301.0,0,1
25420100501.0,0,1
25420100601.0,0,1
25420100701.0,0,0
25420200103.0,0,1
25420200201.0,0,1
25420200301.0,0,1
25420200401.0,0,1
25420200501.0,0,0
25420200601.0,0,1
25420200701.0,0,1
25420200801.0,0,1
25420201001.0,0,1
25420201101.0,0,1
25420201301.0,0,1
25420201601.0,0,0
25420201701.0,0,1
25420201801.0,0,1
25420202301.0,0,1
25420202501.0,0,1
25420202601.0,0,1
25420202701.0,0,1
25420300101.0,1,1
25420300301.0,0,1
25420300401.0,0,1
25420300601.0,0,1
25420300701.0,0,1
25420300801.0,0,1
25420300802.0,0,1
25420300901.0,0,1
25420300902.0,0,1
25420301301.0,0,1
25420301501.0,0,1
25420400101.0,0,1
25420400201.0,0,1
25420400301.0,0,1
25420400401.0,0,1
25420400501.0,0,1
25420400601.0,0,1
25420400701.0,0,1
25420400801.0,0,1
25420400901.0,0,1
25420401101.0,0,1
25420401201.0,0,1
25420401301.0,0,1
25420500101.0,0,1
25420500201.0,0,1
25420500301.0,0,1
25420500401.0,0,1
25420500501.0,0,1
25420500502.0,0,1
25420500901.0,0,1
25420600101.0,0,1
25420600401.0,0,1
25420600601.0,0,1
25420600901.0,0,1
25420601001.0,0,1
25420601201.0,0,0
25420601301.0,0,1
25420601401.0,0,1
25420700101.0,0,1
25420700901.0,0,1
25420800101.0,0,1
25420800303.0,0,1
25420800401.0,0,1
25420800601.0,0,1
25420800701.0,0,1
25420800801.0,0,1
25420801201.0,0,1
25420801301.0,0,1
25420801401.0,0,1
25420801501.0,0,1
25420900102.0,0,1
25420900301.0,0,1
25420900401.0,0,0
25420900601.0,0,0
25420900701.0,0,1
25420900801.0,0,1
25420900901.0,0,1
25420901101.0,0,1
25420901201.0,0,0
25420901501.0,0,1
25421000101.0,0,1
25421000201.0,0,1
25421000301.0,0,0
25421000401.0,0,1
25421000402.0,0,1
25421000501.0,0,1
25421000901.0,0,1
25421001001.0,0,0
25421001002.0,0,1
25421001302.0,0,1
25421001401.0,0,1
25421001802.0,0,0
25421002001.0,0,1
25421002002.0,0,1
25421002003.0,0,1
25421002101.0,0,1
25421002201.0,0,1
25421002302.0,0,1
25421002601.0,0,0
25421002701.0,0,1
25421002801.0,0,1
25421002901.0,0,1
25421002902.0,0,1
25421003001.0,0,0
25421100101.0,0,1
25421100102.0,0,1
25421100201.0,0,1
25421100401.0,0,1
25421100601.0,0,1
25421100701.0,0,1
25421101101.0,0,1
25421101201.0,0,0
25421101301.0,0,1
25421101401.0,0,0
25421101501.0,0,1
25421101701.0,0,0
25421200201.0,0,1
25421200301.0,0,1
25421200501.0,0,1
25421200601.0,0,1
25421200701.0,0,1
25421300401.0,0,1
25421300501.0,0,1
25421300801.0,0,1
25421300901.0,0,1
26110200101.0,0,1
26110200201.0,0,1
26110400201.0,0,1
26110400301.0,0,1
26110400401.0,0,1
26110400501.0,0,1
26110400601.0,0,1
26110400701.0,0,0
26110400802.0,0,0
26110400901.0,0,1
26110401001.0,0,0
26110401101.0,0,1
26110401201.0,0,1
26110401301.0,0,1
26110401401.0,0,0
26110401601.0,0,1
26110401701.0,0,1
26110401901.0,0,0
26110402001.0,0,0
26110402201.0,0,0
26110402301.0,0,0
26110402501.0,0,0
26110402701.0,0,0
26110402801.0,0,0
26110402901.0,0,1
26110403001.0,0,1
26110403101.0,0,0
26110403201.0,0,0
26110403301.0,0,1
26110403601.0,0,0
26110403701.0,0,1
26110403901.0,0,0
26110404001.0,0,1
26110404101.0,0,1
26110500101.0,0,1
26110500201.0,0,1
26110500301.0,0,0
26110600101.0,0,1
26110600201.0,0,0
26110600301.0,0,1
26110600401.0,0,1
26110600501.0,0,1
26110600601.0,0,1
26110600701.0,0,1
26110600801.0,0,1
26110600901.0,0,1
26110601001.0,0,0
26110601101.0,0,1
26110700101.0,0,1
26110700201.0,0,1
26110700401.0,0,1
26110700501.0,0,1
26110700601.0,0,1
26110700701.0,0,0
26110700801.0,0,1
26110700901.0,0,0
26110701001.0,0,1
26110701101.0,0,1
26110701201.0,0,1
26110701301.0,0,1
26110701401.0,0,1
26110701501.0,0,1
26110701601.0,0,1
26111000101.0,0,1
26111000201.0,0,1
26111000301.0,0,1
26111000401.0,0,0
26111000601.0,0,1
26111000701.0,0,1
26111000801.0,0,0
26111000901.0,0,1
26111001001.0,0,0
26111001101.0,0,0
26111001201.0,0,0
26111100101.0,0,1
26111100201.0,0,1
26111100401.0,0,1
26111100501.0,0,1
26111100701.0,0,0
26111100801.0,0,0
26111100901.0,0,1
26111101101.0,0,1
26111101201.0,0,1
26111101301.0,0,1
26111101401.0,0,1
26111101501.0,0,1
26111101601.0,0,1
26111101701.0,0,1
26111101801.0,0,1
26111102001.0,0,0
26111102201.0,0,1
26111102401.0,0,1
26111200101.0,0,1
26111200201.0,0,1
26111200301.0,0,1
26111200401.0,0,0
26111200501.0,0,0
26111200601.0,0,0
26111200701.0,0,1
26111200801.0,0,1
26111200901.0,0,0
26111300201.0,0,1
26111300301.0,0,1
26111300401.0,0,1
26111300501.0,0,0
26111300601.0,0,1
26111300701.0,0,1
26111300801.0,0,0
26111300901.0,0,1
26111301001.0,0,1
26111400101.0,0,1
26111400201.0,0,1
26111400301.0,0,0
26111400401.0,0,1
26111400501.0,0,1
26111400601.0,0,1
26111400701.0,0,1
26111400901.0,0,1
26111401001.0,0,1
26111401201.0,0,1
26111500301.0,0,1
26111500401.0,0,1
26111500501.0,0,1
26111500601.0,0,1
26111500701.0,0,1
26111500801.0,0,1
26111500901.0,0,1
26111501001.0,0,1
26111501101.0,0,1
26111501301.0,0,1
26111501401.0,0,1
26111600101.0,0,1
26111600201.0,0,1
26111600301.0,0,1
26111600401.0,0,1
26111600501.0,0,1
26111600601.0,0,1
26111700101.0,0,0
26111700201.0,0,1
26111700301.0,0,0
26111700401.0,0,1
26111700501.0,0,0
26111700601.0,0,1
26111800101.0,0,1
26111800201.0,0,0
26111800301.0,0,0
26111800401.0,0,1
26111800501.0,0,0
26111800601.0,0,0
26111800701.0,0,1
26111800801.0,0,1
26111800901.0,0,1
26111801001.0,0,1
26111801301.0,0,1
26111801401.0,0,1
26111801501.0,0,1
26111900101.0,0,1
26111900201.0,0,1
26111900301.0,0,1
26111900401.0,0,1
26111900501.0,0,0
26111900601.0,0,1
26111900801.0,0,1
26111900901.0,0,1
26112000101.0,0,1
26112000201.0,0,0
26112000301.0,0,1
26112000401.0,0,1
26112000501.0,0,1
26112000701.0,0,1
26112000801.0,0,0
26112000901.0,0,1
26112001001.0,0,1
26112001101.0,0,0
26112100101.0,0,1
26112100201.0,0,1
26112100401.0,0,1
26112100501.0,0,0
26112100601.0,0,1
26112100701.0,0,0
26112100801.0,0,1
26112100901.0,0,1
26112101001.0,0,1
26112101201.0,0,1
26112101301.0,0,1
26112101401.0,0,1
26112101501.0,0,1
26112101601.0,0,1
26112101701.0,0,0
26112101801.0,0,1
26112200101.0,0,1
26112200201.0,0,1
26112200301.0,0,1
26112200401.0,0,1
26112200501.0,0,1
26112200601.0,0,1
26112200701.0,0,1
26112200801.0,0,1
26112200901.0,0,1
26112201001.0,0,1
26112201101.0,0,1
26112201201.0,0,1
26112201301.0,0,1
26112201401.0,0,1
26112201501.0,0,1
26112201601.0,0,1
26112201701.0,0,1
26112201801.0,0,1
26112300101.0,0,1
26112300201.0,0,1
26112300301.0,0,1
26112300501.0,0,1
26112300601.0,0,0
26112300701.0,0,1
26112300801.0,0,1
26112300901.0,0,1
26112301001.0,0,1
26112301101.0,0,1
26112301201.0,0,1
26112301301.0,0,1
26112301401.0,0,1
26112301501.0,0,1
26112301601.0,0,0
26112301701.0,0,1
26112400101.0,0,1
26112400201.0,0,1
26112400301.0,0,1
26112400401.0,0,1
26112400501.0,0,1
26112400601.0,0,1
26112400701.0,0,1
26420100101.0,0,1
26420100401.0,0,1
26420101301.0,0,1
26420101401.0,0,1
26420102501.0,0,1
26420103001.0,0,1
26420103101.0,0,0
26420103201.0,0,1
26420103301.0,0,1
26420103401.0,0,1
26420200601.0,0,0
26420200701.0,0,1
26420201001.0,0,1
26420201101.0,0,0
26420201401.0,0,1
26420201701.0,0,0
26420300101.0,0,1
26420300201.0,0,0
26420300401.0,0,1
26420300501.0,0,1
26420300601.0,0,0
26420300701.0,0,1
26420300901.0,0,1
26420301001.0,0,0
26420301101.0,0,1
26420301201.0,0,1
26420301401.0,0,1
26420301601.0,0,1
26420301801.0,0,1
26420301901.0,0,1
26420400101.0,0,0
26420400201.0,0,0
26420400401.0,0,1
26420400701.0,0,1
26420401001.0,0,1
26420401501.0,0,0
26420401601.0,0,1
26420401701.0,0,1
26420401801.0,0,1
26420402001.0,0,1
26420402101.0,0,0
26420500101.0,0,1
26420500302.0,0,1
26420500401.0,0,0
26420500501.0,0,0
26420500701.0,0,1
26420500801.0,0,1
26420500901.0,0,0
26420501101.0,0,1
26420501201.0,0,1
26420600101.0,0,1
26420600201.0,0,0
26420600301.0,0,1
26420600401.0,0,1
26420600601.0,0,1
26420600801.0,0,1
26420600901.0,0,1
26420601101.0,0,1
26420601201.0,0,0
26420601301.0,0,0
26420601401.0,0,1
26420601501.0,0,1
26420601701.0,0,1
26420601801.0,0,1
26420601901.0,0,1
26420602001.0,0,1
26420602201.0,0,1
26420602301.0,0,1
26420602401.0,0,1
26420602501.0,0,1
26420602701.0,0,1
26420602901.0,0,1
26420603001.0,0,1
26420700101.0,0,1
26420700301.0,0,0
26420700401.0,0,1
26420700601.0,0,1
26420701001.0,0,1
26420701101.0,0,0
26420701201.0,0,1
26420701301.0,0,1
26420701501.0,0,1
26420701601.0,0,1
26420701701.0,0,1
26420701801.0,0,1
26420800101.0,0,1
26420800401.0,0,1
26420800601.0,0,1
26420800701.0,0,1
26420800801.0,0,1
26420800901.0,0,1
26420801401.0,0,1
26420801601.0,0,0
27110200101.0,0,1
27110200201.0,0,1
27110200301.0,0,1
27110200401.0,0,1
27110200501.0,0,1
27110200601.0,0,1
27110200701.0,0,1
27110200801.0,0,1
27110200901.0,0,0
27110201001.0,0,1
27110201201.0,0,1
27110201301.0,0,0
27110300101.0,0,1
27110300201.0,0,1
27110300301.0,0,1
27110300501.0,0,1
27110300601.0,0,1
27110300701.0,0,1
27110300801.0,0,1
27110300901.0,0,1
27110301001.0,0,1
27110301101.0,0,1
27110301201.0,0,1
27110301301.0,0,1
27110500101.0,0,1
27110500201.0,0,1
27110500301.0,0,1
27110500401.0,0,1
27110500501.0,0,1
27110500601.0,0,1
27110500801.0,0,1
27110500901.0,0,1
27110501001.0,0,1
27110501101.0,0,1
27110501301.0,0,1
27110501401.0,0,0
27110501501.0,0,1
27110501601.0,0,1
27110501701.0,0,1
27110501801.0,0,1
27110501901.0,0,1
27110502001.0,0,1
27110502101.0,0,0
27110502201.0,0,1
27110502301.0,0,1
27110502401.0,0,1
27110502501.0,0,1
27110502601.0,0,1
27110502701.0,0,1
27110502801.0,0,1
27110502901.0,0,1
27110503001.0,0,1
27110600101.0,0,1
27110600201.0,0,1
27110600301.0,0,1
27110600401.0,0,1
27110600501.0,0,1
27110600601.0,0,1
27110600701.0,0,1
27110700101.0,0,1
27110700201.0,0,0
27110700401.0,0,1
27110700501.0,0,0
27110700601.0,0,1
27110701001.0,0,1
27110701501.0,0,1
27110701801.0,0,1
27110701901.0,0,0
27110702001.0,0,0
27110702201.0,0,1
27110702301.0,0,1
27110702401.0,0,1
27110702501.0,0,1
27110702701.0,0,1
27110702801.0,0,1
27110702901.0,0,0
27110703301.0,0,1
27110703401.0,0,0
27110703501.0,0,0
27110703601.0,0,1
27110703701.0,0,1
27110703901.0,0,1
27110704001.0,0,1
27110704101.0,0,1
27110704201.0,0,1
27110704301.0,0,1
27110704401.0,0,0
27110704501.0,0,1
27110704601.0,0,1
27110704701.0,0,1
27110704801.0,0,0
27110705001.0,0,1
27110705101.0,0,1
27110800201.0,0,1
27110800301.0,0,1
27110800501.0,0,1
27110800601.0,0,1
27110800701.0,0,1
27110800801.0,0,1
27110800901.0,0,0
27110801001.0,0,1
27110801101.0,0,1
27110801201.0,0,1
27110801301.0,0,1
27110801401.0,0,1
27110801501.0,0,1
27110801601.0,0,1
27110801701.0,0,1
27110801801.0,0,1
27110801901.0,0,0
27110802001.0,0,1
27110802201.0,0,1
27110802301.0,0,1
27110802501.0,0,1
27110802601.0,0,1
27110802701.0,0,1
27110900101.0,0,1
27110900201.0,0,1
27110900301.0,0,1
27110900401.0,0,1
27110900501.0,0,1
27110900601.0,0,1
27110900701.0,0,0
27110900801.0,0,1
27110900901.0,0,1
27110901001.0,0,1
27110901501.0,0,0
27110901701.0,0,1
27110901801.0,0,1
27110902001.0,0,1
27110902101.0,0,1
27110902401.0,0,0
27110902501.0,0,0
27110902601.0,0,1
27110902701.0,0,1
27110902801.0,0,1
27110902901.0,0,1
27110903001.0,0,1
27111000201.0,0,1
27111000301.0,0,1
27111000401.0,0,1
27111000501.0,0,1
27111000601.0,0,1
27111000701.0,0,1
27111000801.0,0,1
27111001001.0,0,1
27111001101.0,0,1
27111001201.0,0,1
27111001301.0,0,1
27111100101.0,0,1
27111100201.0,0,1
27111100301.0,0,0
27111200101.0,0,1
27111200201.0,0,1
27111200301.0,0,1
27111200401.0,0,1
27111200501.0,0,1
27111200601.0,0,1
27111200701.0,0,1
27111200801.0,0,1
27111201001.0,0,1
27111201101.0,0,1
27111201201.0,0,1
27111201301.0,0,1
27111201401.0,0,1
27111201501.0,0,1
27111201701.0,0,1
27111201901.0,0,1
27111202001.0,0,1
27111202101.0,0,1
27111202201.0,0,1
27111202301.0,0,1
27111300101.0,0,1
27111300301.0,0,0
27111300401.0,0,1
27111300501.0,0,1
27111300601.0,0,0
27111300701.0,0,1
27111300801.0,0,1
27111301001.0,0,1
27111301201.0,0,1
27111301301.0,0,1
27111301401.0,0,1
27111301501.0,0,1
27111500101.0,0,1
27111500201.0,0,1
27111500301.0,0,1
27111500401.0,0,1
27111500402.0,0,1
27111500501.0,0,1
27111500601.0,0,1
27111500701.0,0,1
27111500801.0,0,1
27111500901.0,0,1
27111501001.0,0,1
27111501201.0,0,1
27111501301.0,0,1
27111501401.0,0,1
27111501501.0,0,1
27111501601.0,0,1
27111501701.0,0,0
27111501801.0,0,1
27111502001.0,0,0
27111502201.0,0,1
27111600101.0,0,1
27111600201.0,0,1
27111600301.0,0,1
27111700101.0,0,1
27111700201.0,0,1
27111700301.0,0,1
27111700401.0,0,1
27111700501.0,0,1
27111700601.0,0,1
27111700701.0,0,1
27111700901.0,0,1
27111800101.0,0,1
27111800201.0,0,1
27111800301.0,0,1
27111800401.0,0,1
27111800501.0,0,1
27111800601.0,0,0
27111800701.0,0,1
27111800801.0,0,1
27111800901.0,0,1
27111801001.0,0,1
27111801101.0,0,0
27111801201.0,0,1
27111801301.0,0,1
27111801501.0,0,1
27111801701.0,0,1
27111900101.0,0,1
27111900201.0,0,1
27111900301.0,0,1
27111900401.0,0,1
27111900501.0,0,1
27111900601.0,0,1
27111900701.0,0,1
27111900801.0,0,1
27111900901.0,0,1
27111901001.0,0,1
27111901101.0,0,1
27111901201.0,0,1
27112000201.0,0,0
27112100101.0,0,1
27112100201.0,0,0
27112100301.0,0,1
27112100401.0,0,0
27112100501.0,0,1
27112100701.0,0,1
27112100801.0,0,0
27112100901.0,0,1
27112200201.0,0,0
27112200401.0,0,1
27112200501.0,0,1
27112200601.0,0,1
27112200701.0,0,1
27112200901.0,0,1
27112201001.0,0,1
27112201101.0,0,1
27112201201.0,0,1
27112201301.0,0,1
27112201401.0,0,1
27112201501.0,0,1
27112201701.0,0,0
27112201801.0,0,0
27112201901.0,0,1
27112300101.0,0,1
27112300201.0,0,0
27410100101.0,0,1
27410100901.0,0,1
27410101301.0,0,0
27410101503.0,0,0
27410102501.0,0,1
27410103101.0,0,1
27410103201.0,0,1
27410104301.0,0,1
27410104503.0,0,1
27410104601.0,0,0
27410105901.0,0,1
27410200101.0,0,1
27410200201.0,0,1
27410200401.0,0,1
27410200602.0,0,1
27410201201.0,0,0
27410201501.0,0,0
27410201601.0,0,1
27410201701.0,0,0
27410202001.0,0,1
27410202801.0,0,1
27410203201.0,1,1
27410203301.0,1,1
27410203501.0,0,0
27410203801.0,0,1
27420300101.0,0,1
27420300201.0,0,1
27420300401.0,0,1
27420300701.0,0,1
27420300901.0,0,1
27420301001.0,0,1
27420301201.0,0,1
27420301301.0,0,1
27420301601.0,0,1
27420301801.0,0,0
27420400101.0,0,1
27420400201.0,0,0
27420400301.0,0,1
27420400501.0,0,0
27420400601.0,0,1
27420400901.0,0,0
27420401001.0,0,1
27420401501.0,0,0
27420401601.0,0,1
27420401701.0,0,0
27420401702.0,0,1
27420402701.0,0,1
27420500401.0,0,1
27420501001.0,0,0
27420501601.0,0,1
27420600101.0,0,1
27420600401.0,0,1
27420600701.0,0,1
27420600801.0,0,1
27420601101.0,0,1
27420601201.0,0,1
27420601301.0,0,1
27420601601.0,0,1
28110100101.0,0,1
28110100201.0,0,0
28110100301.0,0,1
28110100401.0,0,0
28110100501.0,0,0
28110100601.0,0,1
28110100701.0,0,1
28110100801.0,0,0
28110100901.0,0,1
28110101001.0,0,1
28110101201.0,0,1
28110101301.0,0,1
28110101401.0,0,1
28110101501.0,0,1
28110101601.0,0,1
28110101701.0,0,1
28110101801.0,0,0
28110101901.0,0,1
28110102001.0,0,0
28110102101.0,0,1
28110102201.0,0,1
28110102301.0,0,1
28110400101.0,0,1
28110400201.0,0,1
28110400301.0,0,0
28110400401.0,0,1
28110400501.0,0,1
28110400601.0,0,0
28110400701.0,0,1
28110400801.0,0,1
28110400901.0,0,0
28110401001.0,0,1
28110401101.0,0,0
28110401201.0,0,1
28110401401.0,0,1
28110500101.0,0,1
28110500201.0,0,1
28110500401.0,0,1
28110600101.0,0,1
28110600201.0,0,1
28110600401.0,0,1
28110600501.0,0,1
28110600601.0,0,1
28110600701.0,0,1
28110600801.0,0,1
28110600901.0,0,1
28110601001.0,0,1
28110601101.0,0,1
28110601201.0,0,0
28110700101.0,0,1
28110700301.0,0,1
28110700401.0,0,1
28110700501.0,0,1
28110700601.0,0,1
28110700801.0,0,1
28110700901.0,0,1
28110900101.0,0,1
28110900201.0,0,1
28110900301.0,0,1
28110900401.0,0,1
28110900501.0,0,1
28110900601.0,0,1
28110900701.0,0,1
28110900801.0,0,0
28110900901.0,0,0
28110901001.0,0,0
28110901101.0,0,1
28110901201.0,0,1
28111000101.0,0,1
28111000201.0,0,0
28111000301.0,0,0
28111000401.0,0,1
28111000501.0,0,1
28111100201.0,0,0
28111100301.0,0,1
28111100401.0,1,1
28111100501.0,0,0
28111100601.0,0,0
28111100801.0,0,0
28111101001.0,0,0
28111101501.0,0,0
28111101801.0,0,0
28111101901.0,0,0
28111102401.0,0,0
28111102501.0,0,1
28111102601.0,0,0
28111102701.0,0,1
28111102801.0,0,1
28111102901.0,0,0
28111103201.0,0,0
28111103401.0,0,1
28111103801.0,0,0
28111103901.0,0,1
28111104101.0,0,0
28111104601.0,0,0
28111104701.0,0,1
28111104703.0,0,1
28111104801.0,0,1
28111105201.0,0,0
28111105301.0,0,1
28111105401.0,0,1
28111105501.0,0,0
28111105601.0,0,0
28111105801.0,0,0
28111105901.0,0,1
28111106001.0,0,0
28111106201.0,0,1
28111106301.0,0,0
28111106501.0,0,1
28111106701.0,0,0
28111106702.0,0,1
28111106801.0,0,1
28111106901.0,0,1
28111107002.0,0,0
28111107301.0,0,0
28111107302.0,0,0
28111107303.0,0,0
28111107401.0,0,0
28111107901.0,0,1
28111108101.0,0,0
28111108201.0,0,0
28111200101.0,0,1
28111200201.0,0,1
28111200401.0,0,0
28111200501.0,0,1
28111200601.0,0,0
28111200801.0,0,0
28111200901.0,0,1
28111201001.0,0,1
28111201201.0,0,1
28111201301.0,0,1
28111201401.0,0,1
28111201502.0,0,1
28111201701.0,0,1
28111201901.0,0,1
28111202001.0,0,1
28111202401.0,0,0
28111202501.0,0,0
28111300101.0,0,1
28111300201.0,0,1
28111300301.0,0,1
28111300401.0,0,1
28111300501.0,0,1
28111300601.0,0,1
28111300701.0,0,1
28111400101.0,0,1
28111400201.0,0,1
28111400301.0,0,1
28111400401.0,0,1
28111400501.0,0,1
28111400601.0,0,1
28111400701.0,0,1
28111400801.0,0,1
28111400901.0,0,1
28111401001.0,0,1
28111401301.0,0,1
28111401401.0,0,1
28111500101.0,0,1
28111500201.0,0,1
28111500301.0,0,1
28111500401.0,0,1
28111500501.0,0,1
28111500601.0,0,1
28111500701.0,0,0
28111500801.0,0,1
28111501001.0,0,1
28111501101.0,0,1
28111501301.0,0,1
28111501401.0,0,1
28111501501.0,0,1
28111501601.0,0,1
28111501801.0,0,0
28111501901.0,0,1
28111502001.0,0,1
28111502201.0,0,1
28111502301.0,0,1
28111502401.0,0,1
28111502501.0,0,1
28111502601.0,0,1
28111502701.0,0,1
28111502801.0,0,0
28111502901.0,0,1
28111503001.0,0,1
28111503201.0,0,1
28111700101.0,0,1
28111700201.0,0,1
28111700401.0,0,1
28111700501.0,0,1
28111700601.0,0,1
28111700701.0,0,1
28111700801.0,0,1
28111700901.0,0,1
28111701001.0,0,1
28111701101.0,0,1
28111701301.0,0,1
28111701401.0,0,1
28111701501.0,0,1
28111701601.0,0,1
28111701701.0,0,1
28111702001.0,0,1
28111702101.0,0,1
28111702201.0,0,1
28111702301.0,0,1
28111702601.0,0,1
28111702701.0,0,1
28111702801.0,0,1
28111702901.0,0,1
28111703001.0,0,1
28111703101.0,0,1
28111703201.0,0,0
28111703301.0,0,1
28111703401.0,0,1
28111703501.0,0,1
28111703601.0,0,1
28111800101.0,0,1
28111800201.0,0,1
28111800301.0,0,1
28111800401.0,0,1
28111800501.0,0,1
28111800601.0,0,1
28111800701.0,0,1
28111800801.0,0,1
28111800901.0,0,1
28111801001.0,0,1
28111801101.0,0,1
28111801201.0,0,1
28111801301.0,0,1
28111801401.0,0,1
28111801601.0,0,1
28111801701.0,0,1
28111801901.0,0,1
28111802001.0,0,1
28111900101.0,0,1
28111900201.0,0,1
28111900301.0,0,1
28111900401.0,0,1
28111900501.0,0,0
28111900601.0,0,1
28111900801.0,0,1
28111900901.0,0,1
28111901001.0,0,1
28111901301.0,0,1
28111901401.0,0,1
28111901501.0,0,0
28111901601.0,0,1
28111901701.0,0,1
28111901801.0,0,1
28111901901.0,0,0
28111902001.0,0,1
28111902101.0,0,0
28111902201.0,0,1
28111902301.0,0,1
28111902401.0,0,1
28111902501.0,0,1
28111902601.0,0,1
28111902701.0,0,0
28111902801.0,0,1
28111902901.0,0,1
28111903001.0,0,1
28111903101.0,0,1
28111903201.0,0,1
28111903401.0,0,1
28111903601.0,0,1
28111903801.0,0,1
28112000101.0,0,1
28112000201.0,0,1
28112000301.0,0,1
28112000401.0,0,1
28112000501.0,0,1
28112000601.0,0,1
28112100101.0,0,1
28112100201.0,0,1
28112100401.0,0,1
28112100501.0,0,1
28112100601.0,0,1
28112100701.0,0,1
28112100801.0,0,1
28112101001.0,0,1
28112101101.0,0,0
28112101201.0,0,1
28112200401.0,0,1
28112200501.0,0,1
28112200801.0,0,1
28112200901.0,0,1
28112201201.0,0,1
28112201301.0,0,1
28112201401.0,0,1
28112201501.0,0,1
28112201601.0,0,1
28112201701.0,0,1
28112201801.0,0,0
28112202301.0,0,0
28112202401.0,0,1
28112202701.0,0,1
28112203101.0,0,1
28112203301.0,0,1
28112203601.0,0,1
28112203701.0,0,0
28112203801.0,0,1
28112203901.0,0,1
28112204001.0,0,1
28112204201.0,0,1
28112204301.0,0,1
28112204501.0,0,1
28112204601.0,0,1
28112204701.0,0,1
28112204801.0,0,1
28112205101.0,0,1
28112205301.0,0,1
28112205401.0,0,1
28112205501.0,0,1
28112205601.0,0,1
28112205801.0,0,1
28112206001.0,0,1
28112206101.0,0,1
28112206201.0,0,1
28112206301.0,0,1
28112300101.0,0,1
28112300201.0,0,1
28112300301.0,0,1
28112300401.0,0,1
28112300501.0,0,0
28112300601.0,0,1
28112300701.0,0,1
28112300801.0,0,1
28112300901.0,0,1
28112301001.0,0,1
28112301101.0,0,0
28112301201.0,0,1
28112301301.0,0,1
28112301401.0,0,1
28112301601.0,0,1
28112301701.0,0,1
28112301801.0,0,1
28112301901.0,0,1
28112400101.0,0,0
28112400201.0,0,1
28112400301.0,0,1
28112400401.0,0,0
28112400501.0,0,1
28112400601.0,0,1
28112400701.0,0,1
28112400801.0,0,1
28112400901.0,0,0
28112401001.0,0,0
28112401201.0,0,1
28112401301.0,0,1
28420100101.0,0,1
28420100301.0,0,1
28420100401.0,0,1
28420100501.0,0,1
28420100502.0,0,0
28420100601.0,0,1
28420100602.0,0,0
28420100701.0,0,0
28420100801.0,0,1
28420100901.0,0,1
28420101001.0,0,1
28420101101.0,0,1
28420101201.0,0,1
28420101301.0,0,1
28420101401.0,0,0
28420101801.0,0,1
28420101901.0,0,0
28420200101.0,0,0
28420200201.0,0,1
28420200301.0,0,0
28420200401.0,0,0
28420200501.0,0,1
28420200601.0,0,0
28420200701.0,0,1
28420200801.0,0,1
28420200901.0,0,0
28420201001.0,0,1
28420201002.0,0,1
28420201101.0,0,1
28420201201.0,0,1
28420201301.0,0,1
28420201401.0,0,1
28420201501.0,0,1
28420201601.0,0,0
28420201701.0,0,1
28420201801.0,0,0
28420201901.0,0,0
28420300101.0,0,1
28420300201.0,0,0
28420300301.0,0,0
28420300401.0,0,1
28420300501.0,0,0
28420300601.0,0,1
28420300701.0,0,1
28420300801.0,0,1
28420301001.0,0,0
28420301101.0,0,1
28420301201.0,0,0
28420301301.0,0,0
28420301401.0,0,0
28420301501.0,0,1
28420301601.0,0,1
28420301701.0,0,1
28420301801.0,0,1
28420302001.0,0,1
28420400201.0,0,1
28420400601.0,0,1
28420400701.0,0,1
28420401001.0,0,0
28420401002.0,0,0
28420401101.0,0,0
28420401401.0,0,1
28420401601.0,0,1
28420401701.0,0,0
28420401702.0,0,1
28420500101.0,0,1
28420500301.0,0,0
28420500401.0,0,0
28420500501.0,0,1
28420500601.0,0,1
28420500901.0,0,0
28420501101.0,0,1
28420501301.0,0,1
28420501401.0,0,1
28420501601.0,0,0
28420600201.0,0,0
28420600301.0,0,1
28420600401.0,0,0
28420600501.0,0,1
28420600701.0,0,0
28420601002.0,0,1
28420601201.0,0,1
28420601301.0,0,0
28420601401.0,0,0
28420601402.0,0,1
28420601501.0,0,0
28420601601.0,1,0
28420602001.0,0,0
28420602101.0,0,1
28420700101.0,0,0
28420700202.0,0,1
28420700301.0,0,1
28420700401.0,0,0
28420700601.0,0,0
28420700701.0,0,1
28420700901.0,0,1
28420700902.0,0,0
28420701001.0,0,0
28420701201.0,0,1
28420701301.0,0,1
28420701401.0,0,0
28420701501.0,0,0
28420701601.0,0,1
28420701701.0,0,0
28420701801.0,0,0
28420800102.0,0,1
28420800201.0,0,0
28420800301.0,0,0
28420800302.0,0,1
28420800401.0,0,1
28420800402.0,0,0
28420800501.0,0,1
28420800601.0,0,1
28420800701.0,0,1
28420800801.0,0,1
28420801001.0,0,1
28420801101.0,0,1
28420801301.0,0,1
28420900201.0,0,1
28420900401.0,0,1
28420900501.0,0,0
28420900601.0,0,0
28420900801.0,0,1
28420900901.0,0,1
28420901801.0,0,1
28420902001.0,0,1
28420902401.0,0,1
28420902501.0,0,1
28420902601.0,0,1
28420902701.0,0,0
28420902801.0,0,1
28421000101.0,0,1
28421000303.0,0,1
28421000601.0,0,1
28421000901.0,0,1
28421001301.0,0,1
28421001701.0,0,1
28421001801.0,0,1
28421002101.0,0,1
28421100801.0,0,0
28421101001.0,0,0
28421101201.0,0,1
28421101501.0,0,1
28421101901.0,0,1
28421102001.0,0,0
28421102101.0,0,1
28421200701.0,0,0
28421200801.0,0,1
28421200901.0,0,0
28421201401.0,0,1
28421201701.0,0,1
28421201902.0,0,1
28421202001.0,0,1
28421300101.0,0,1
28421300201.0,0,1
28421300401.0,0,1
28421300501.0,0,1
28421300601.0,0,1
28421300801.0,0,1
28421300901.0,0,1
28421301001.0,0,1
28421301101.0,0,1
28421301201.0,0,1
28421301301.0,0,1
28421301401.0,0,1
28421301501.0,0,1
28421301601.0,0,1
28421301701.0,0,1
28421301801.0,0,1
28421301901.0,0,0
28421302001.0,0,1
28421302101.0,0,1
28421400301.0,0,1
28421400501.0,0,0
28421400701.0,0,0
28421401201.0,0,0
28421401301.0,0,1
31110100101.0,0,1
31110100201.0,0,1
31110100301.0,0,1
31110100401.0,0,1
31110100501.0,0,1
31110100601.0,0,1
31110100701.0,0,1
31110100801.0,0,1
31110100901.0,0,1
31110101001.0,0,1
31110101101.0,0,1
31110101201.0,0,1
31110101301.0,0,1
31110101401.0,0,1
31110101501.0,0,1
31110101601.0,0,1
31110101701.0,0,1
31110101801.0,0,1
31110101901.0,0,1
31110200101.0,0,1
31110200301.0,0,1
31110200401.0,0,1
31110200501.0,0,1
31110200701.0,0,1
31110200801.0,0,1
31110200901.0,0,1
31110201001.0,0,1
31110201101.0,0,1
31110201201.0,0,1
31110201301.0,0,1
31110300101.0,0,1
31110300201.0,0,1
31110300301.0,0,1
31110300401.0,0,1
31110300501.0,0,1
31110300601.0,0,1
31110300701.0,0,0
31110300901.0,0,1
31110301001.0,0,1
31110301101.0,0,1
31110301201.0,0,1
31110400101.0,0,1
31110400201.0,0,1
31110400301.0,0,1
31110400401.0,0,1
31110400501.0,0,1
31110500101.0,0,1
31110500201.0,0,1
31110500301.0,0,1
31110500401.0,0,1
31110500501.0,0,1
31110600101.0,0,1
31110600201.0,0,1
31110600301.0,0,1
31110700101.0,0,0
31110700201.0,0,1
31110700301.0,0,1
31110700401.0,0,1
31110700501.0,0,1
31110700601.0,0,1
31110700701.0,0,1
31110700801.0,0,1
31110700901.0,0,1
31110701001.0,0,0
31110701101.0,0,1
31110800101.0,0,1
31110800201.0,0,1
31110800301.0,0,1
31110800401.0,0,1
31110800501.0,0,1
31110900201.0,0,1
31110900301.0,0,1
31110900401.0,0,1
31110900501.0,0,1
31110900601.0,0,1
31110900701.0,0,1
31110901001.0,0,1
31110901201.0,0,1
31110901301.0,0,1
31110901401.0,0,1
31110901501.0,0,0
31110901601.0,0,1
31110901801.0,0,1
31111100101.0,0,1
31111100201.0,0,1
31111100301.0,0,1
31111100401.0,0,1
31111200101.0,0,1
31111200201.0,0,1
31111200301.0,0,0
31111200401.0,0,1
31111200501.0,0,1
31111200601.0,0,1
31111200701.0,0,1
31111200801.0,0,1
31111200901.0,0,0
31111201001.0,0,1
31111201101.0,0,1
31111201201.0,0,1
31111201301.0,0,1
31111201401.0,0,1
31111201501.0,0,1
31111300101.0,0,1
31111300401.0,0,1
31111300501.0,0,1
31111300601.0,0,1
31111300701.0,0,1
31111300901.0,0,1
31111301001.0,0,1
31111301101.0,0,1
31111301201.0,0,1
31111301301.0,0,1
31111301401.0,0,1
31111301501.0,0,1
31111301601.0,0,1
31111301701.0,0,1
31111301801.0,0,0
31111500201.0,0,1
31111500301.0,0,1
31111500601.0,0,1
31111500701.0,0,1
31111500801.0,0,1
31111500901.0,0,1
31111501001.0,0,1
31111501101.0,0,1
31111501201.0,0,1
31111501301.0,0,1
31111501401.0,0,1
31111600101.0,0,1
31111600201.0,0,1
31111600301.0,0,1
31111600401.0,0,1
31111600501.0,0,0
31111700201.0,0,1
31111700401.0,0,1
31111700501.0,0,1
31111700601.0,0,1
31111700701.0,0,1
31111700801.0,0,1
31111700901.0,0,1
31111701001.0,0,0
31111701101.0,0,1
31111701201.0,0,1
31111701301.0,0,1
31111701401.0,0,1
31111701501.0,0,1
31111800101.0,0,1
31111800201.0,0,1
31111800501.0,0,1
31111800601.0,0,1
31111800701.0,0,1
31111800801.0,0,1
31111800901.0,0,1
31111801001.0,0,0
31111801101.0,0,1
31111801201.0,0,1
31111900201.0,0,1
31111900301.0,0,1
31111900401.0,0,1
31111900501.0,0,1
31111900601.0,0,0
31111900701.0,0,1
31111900801.0,0,1
31111900901.0,0,1
31111901001.0,0,1
31111901101.0,0,1
31112200101.0,0,0
31112200301.0,0,0
31112200401.0,0,1
31112200501.0,0,1
31112200601.0,0,1
31112200701.0,0,1
31112200801.0,0,1
31112200901.0,0,1
31112201001.0,0,1
31112201101.0,0,1
31112201201.0,0,0
31112201301.0,0,1
31112300101.0,0,0
31112300501.0,0,1
31112300601.0,0,1
31112300901.0,0,1
31112301201.0,0,1
31112302001.0,0,0
31112302101.0,0,1
31112302301.0,0,0
31112302901.0,0,1
31420100201.0,0,1
31420100701.0,0,1
31420100901.0,0,0
31420200201.0,0,0
31420200301.0,0,1
31420200401.0,0,1
31420200601.0,0,0
31420200701.0,0,1
31420200801.0,0,1
31420200901.0,0,1
31420201001.0,0,1
31420201301.0,0,0
31420201401.0,0,1
31420201601.0,0,0
31420300401.0,0,0
31420300601.0,0,1
31420301001.0,0,1
31420400201.0,0,1
31420400401.0,0,1
31420400801.0,0,1
31420400901.0,0,1
31420401301.0,0,0
31420401401.0,0,1
31420401601.0,0,1
31420402101.0,0,1
31420500101.0,0,1
31420500401.0,0,1
31420500502.0,0,1
31420500505.0,0,1
31420500601.0,0,1
31420500901.0,0,1
31420500902.0,0,1
31420501001.0,0,1
31420501301.0,0,1
31420501401.0,0,0
31420501601.0,0,0
31420501801.0,0,1
31420501901.0,0,1
31420502101.0,0,1
31420502102.0,0,1
31420502201.0,0,1
31420600302.0,0,0
31420600502.0,0,1
31420601201.0,0,1
31420601401.0,0,1
31420601601.0,0,1
31420601701.0,0,1
32110100101.0,0,1
32110100201.0,0,1
32110100301.0,0,1
32110100401.0,0,1
32110100501.0,0,1
32110100601.0,0,1
32110100701.0,0,1
32110100801.0,0,1
32110100901.0,0,1
32110101001.0,0,1
32110101101.0,0,1
32110101201.0,0,1
32110101301.0,0,1
32110101401.0,0,1
32110101501.0,0,1
32110101601.0,0,1
32110101701.0,0,1
32110200101.0,0,1
32110200201.0,0,1
32110200401.0,0,1
32110200501.0,0,1
32110200701.0,0,1
32110200801.0,0,1
32110200901.0,0,1
32110400101.0,0,1
32110400201.0,0,1
32110400301.0,0,1
32110400501.0,0,1
32110400601.0,0,0
32110400701.0,0,1
32110400801.0,0,1
32110401001.0,0,1
32110401201.0,0,1
32110401301.0,0,0
32110401401.0,0,1
32110401501.0,0,1
32110401601.0,0,1
32110401701.0,0,0
32110401901.0,0,1
32110402001.0,0,1
32110402101.0,0,1
32110402201.0,0,1
32110500101.0,0,1
32110500201.0,0,1
32110700101.0,0,1
32110700201.0,0,1
32110700301.0,0,1
32110700401.0,0,1
32110700501.0,0,1
32110700601.0,0,1
32110800101.0,0,1
32110800201.0,0,1
32110800301.0,0,1
32110800401.0,0,1
32110800501.0,0,1
32110800601.0,0,1
32110800701.0,0,1
32110900101.0,0,1
32110900201.0,0,1
32110900301.0,0,1
32110900401.0,0,1
32110900701.0,0,1
32110900801.0,0,1
32110900901.0,0,1
32110901001.0,0,1
32110901101.0,0,1
32110901301.0,0,0
32110901501.0,0,1
32110901601.0,0,1
32110901701.0,0,1
32110901801.0,0,1
32110901901.0,0,1
32110902001.0,0,1
32110902301.0,0,1
32110902501.0,0,1
32110902601.0,0,1
32110902701.0,0,1
32111000101.0,0,1
32111000201.0,0,1
32111000401.0,0,1
32111000501.0,0,1
32111000601.0,0,1
32111000701.0,0,1
32111000801.0,0,1
32111000901.0,0,1
32111001001.0,0,1
32111001101.0,0,1
32111001201.0,0,1
32111001301.0,0,1
32111001401.0,0,1
32111100101.0,0,1
32111100201.0,0,1
32111100401.0,0,1
32111100501.0,0,1
32111100601.0,0,1
32111200101.0,0,1
32111200201.0,0,1
32111200301.0,0,1
32111200401.0,0,1
32111200501.0,0,1
32111200701.0,0,1
32111200801.0,0,1
32111200901.0,0,1
32111201001.0,0,1
32111300101.0,0,1
32111300201.0,0,1
32111300202.0,0,1
32111300401.0,0,0
32111300501.0,0,1
32111300601.0,0,1
32111300801.0,0,1
32111300901.0,0,1
32111301001.0,0,1
32111301101.0,0,1
32111301201.0,0,1
32111301301.0,0,0
32111301501.0,0,1
32111301601.0,0,1
32111301701.0,0,1
32111301801.0,0,1
32111302001.0,0,1
32111302201.0,0,1
32111400101.0,0,1
32111400201.0,0,1
32111400301.0,0,1
32111400401.0,0,1
32111400601.0,0,0
32111400701.0,0,1
32111400801.0,0,1
32111400901.0,0,1
32111401001.0,0,1
32111401101.0,0,1
32111401201.0,0,1
32111401301.0,0,1
32111401401.0,0,1
32111401501.0,0,1
32111401601.0,0,1
32111401801.0,0,1
32111401901.0,0,1
32111500101.0,0,1
32111500201.0,0,1
32111500301.0,0,1
32111500401.0,0,1
32111500501.0,0,1
32111500601.0,0,1
32111600101.0,0,1
32111600201.0,0,1
32111600301.0,0,1
32111600401.0,0,1
32111600501.0,0,1
32111600601.0,0,1
32111600701.0,0,1
32111600801.0,0,1
32111600901.0,0,1
32111700101.0,0,1
32111700201.0,0,1
32111700301.0,0,1
32111700401.0,0,1
32111700501.0,0,1
32111700701.0,0,1
32111700801.0,0,1
32111700901.0,0,1
32111701001.0,0,1
32111701401.0,0,1
32111701501.0,0,1
32111701601.0,0,0
32111701701.0,0,1
32111701801.0,0,1
32111701901.0,0,1
32111702001.0,0,1
32111702101.0,0,1
32111702201.0,0,1
32111900101.0,0,1
32111900201.0,0,1
32111900301.0,0,1
32111900501.0,0,1
32111900601.0,0,1
32111900701.0,0,1
32111900801.0,0,1
32111900901.0,0,1
32111901001.0,0,1
32111901101.0,0,1
32111901201.0,0,1
32111901301.0,0,1
32111901401.0,0,1
32111901501.0,0,1
32111901601.0,0,1
32111901701.0,0,1
32111901801.0,0,0
32111901901.0,0,1
32111902001.0,0,1
32111902101.0,0,1
32111902201.0,0,1
32111902301.0,0,1
32111902401.0,0,1
32111902501.0,0,1
32111902801.0,0,1
32111902901.0,0,1
32111903101.0,0,1
32111903201.0,0,1
32111903301.0,0,1
32111903401.0,0,1
32111903501.0,0,1
32111903601.0,0,1
32111903801.0,0,1
32111903901.0,0,1
32111904001.0,0,1
32111904101.0,0,1
32111904201.0,0,1
32111904301.0,0,1
32111904401.0,0,1
32111904501.0,0,1
32111904601.0,0,1
32111904701.0,0,1
32112200101.0,0,0
32112200201.0,0,0
32112200301.0,0,0
32112200401.0,0,1
32112300101.0,0,0
32112300201.0,0,0
32112300301.0,0,0
32112400201.0,0,1
32112400301.0,0,1
32112400401.0,0,1
32112400501.0,0,1
32112400601.0,0,1
32112400701.0,0,1
32112400901.0,0,1
32112401001.0,0,1
32112401101.0,0,1
32112401201.0,0,0
32112401401.0,0,1
32112401501.0,0,0
32112401601.0,0,1
32112401701.0,0,1
32112401801.0,0,1
32112401901.0,0,1
32112402001.0,0,1
32112402101.0,0,1
32112402201.0,0,1
32112402301.0,0,1
32112402401.0,0,1
32112402501.0,0,1
32112402601.0,0,1
32112402701.0,0,1
32112402901.0,0,1
32112403001.0,0,1
32112403101.0,0,1
32112403201.0,0,1
32112403301.0,0,1
32112403401.0,0,1
32112403501.0,0,1
32112403601.0,0,1
32112403701.0,0,1
32112403801.0,0,1
32112403901.0,0,1
32112404001.0,0,1
32112404101.0,0,1
32112404201.0,0,1
32112404301.0,0,1
32112404401.0,0,1
32112404501.0,0,1
32112404601.0,0,1
32112404701.0,0,1
32112404801.0,0,1
32112405001.0,0,1
32112405101.0,0,1
32112405201.0,0,1
32112405301.0,0,1
32112405401.0,0,1
32112405501.0,0,1
32112405701.0,0,1
32112405801.0,0,1
32112406001.0,0,1
32112406101.0,0,1
32112500101.0,0,1
32112500201.0,0,1
32112500301.0,0,0
32112500401.0,0,1
32112500501.0,0,1
32112500601.0,0,1
32112500701.0,0,1
32112500801.0,0,1
32112500901.0,0,1
32112501101.0,0,1
32112501201.0,0,0
32112501301.0,0,1
32112501401.0,0,1
32112501501.0,0,1
32112501601.0,0,1
32112501701.0,0,1
32112501801.0,0,1
32112501901.0,0,1
32112502001.0,0,1
32112502101.0,0,1
32112502201.0,0,1
32112502501.0,0,0
32112503201.0,0,1
32112503301.0,0,1
32112503401.0,0,1
32112503601.0,0,1
32112503701.0,0,1
32112503801.0,0,1
32112503901.0,0,1
32112504001.0,0,1
32112504301.0,0,1
32112504401.0,0,1
32112504701.0,0,1
32112600101.0,0,1
32112600201.0,0,1
32112600301.0,0,1
32112600401.0,0,1
32112600501.0,0,1
32112600601.0,0,0
32112600701.0,0,1
32112600801.0,0,1
32112600901.0,0,1
32112601001.0,0,1
32112601101.0,0,1
32112601201.0,0,1
32112601301.0,0,1
32112601501.0,0,1
32112601601.0,0,1
32112601701.0,0,1
32112601801.0,0,1
32112601901.0,0,0
32112602101.0,0,1
32112602201.0,0,1
32112700101.0,0,1
32112700201.0,0,1
32112700301.0,0,1
32112700401.0,0,1
32112700501.0,0,1
32112700601.0,0,1
32112700701.0,0,1
32112700801.0,0,1
32112700901.0,0,1
32112701001.0,0,1
32112701101.0,0,1
32112701201.0,0,1
32112701301.0,0,1
32112800201.0,0,1
32112800301.0,0,0
32112800401.0,0,0
32112800501.0,0,1
32112800601.0,0,1
32112800701.0,0,1
32112800801.0,0,1
32112800901.0,0,0
32112801001.0,0,1
32112801101.0,0,1
32302900101.0,1,0
32302900201.0,1,0
32302900301.0,1,0
32303000101.0,1,0
32303000201.0,1,0
32303000301.0,1,0
32303000401.0,0,0
32303000501.0,1,0
32303000601.0,1,0
32303000701.0,1,0
32303100201.0,1,0
32303100301.0,1,0
32303200101.0,0,0
32303200201.0,0,0
32303200301.0,0,0
32303200401.0,1,0
32303200501.0,0,0
32303200601.0,0,0
32420100101.0,0,1
32420100201.0,0,1
32420100401.0,0,1
32420100501.0,0,1
32420100601.0,0,1
32420100801.0,0,1
32420100901.0,0,1
32420101001.0,0,1
32420101101.0,0,1
32420101201.0,0,1
32420101401.0,0,1
32420101501.0,0,0
32420101701.0,0,1
32420200401.0,0,1
32420200501.0,0,1
32420200701.0,0,1
32420200901.0,0,1
32420201001.0,0,1
32420201801.0,0,1
32420201901.0,0,1
32420300101.0,0,1
32420300201.0,0,1
32420300301.0,0,1
32420300401.0,0,1
32420300501.0,0,1
32420300601.0,0,1
32420300801.0,0,1
32420300901.0,0,1
32420301001.0,0,1
32420301301.0,0,1
32420301601.0,0,1
32420400601.0,0,1
32420400701.0,0,1
32420400801.0,0,1
32420401002.0,0,0
32420401201.0,0,1
32420500101.0,0,1
32420500201.0,0,1
32420500301.0,0,1
32420500501.0,0,1
32420500601.0,0,1
32420500801.0,0,1
32420500802.0,0,1
32420501101.0,0,1
32420501601.0,0,1
32420501801.0,0,1
33110100201.0,0,1
33110100401.0,0,1
33110100501.0,0,1
33110100502.0,0,1
33110100701.0,0,1
33110100801.0,0,1
33110101001.0,0,1
33110101101.0,0,0
33110101201.0,0,1
33110101301.0,0,1
33110101401.0,0,1
33110101501.0,0,1
33110101601.0,0,1
33110101701.0,0,1
33110101901.0,0,1
33110102001.0,0,0
33110102101.0,0,1
33110102301.0,0,0
33110102401.0,0,0
33110102501.0,0,1
33110102601.0,0,0
33110102801.0,0,0
33110102901.0,0,0
33110200301.0,0,0
33110200401.0,0,0
33110200501.0,0,0
33110200601.0,0,1
33110200801.0,0,1
33110200901.0,0,0
33110201101.0,0,1
33110201201.0,0,1
33110201301.0,0,1
33110201401.0,0,1
33110201501.0,0,1
33110201601.0,0,1
33110201801.0,0,1
33110202001.0,0,1
33110202101.0,0,1
33110202201.0,0,1
33110202301.0,0,1
33110400301.0,0,0
33110400501.0,0,0
33110400601.0,0,0
33110400701.0,0,0
33110400801.0,0,0
33110400901.0,0,1
33110401001.0,0,0
33110401101.0,0,1
33110401201.0,0,0
33110401401.0,0,0
33110401501.0,0,0
33110401601.0,0,1
33110401701.0,0,0
33110401801.0,0,0
33110402001.0,0,0
33110402101.0,0,1
33110402201.0,0,0
33110402301.0,0,0
33110402401.0,0,0
33110402601.0,0,0
33110402701.0,0,0
33110402801.0,0,0
33110402901.0,0,0
33110403001.0,0,0
33110403101.0,0,0
33110403201.0,0,1
33110403301.0,0,1
33110403501.0,0,0
33110403601.0,0,0
33110403801.0,0,1
33110403901.0,0,0
33110404001.0,0,0
33110404101.0,0,1
33110500101.0,0,0
33110500201.0,0,1
33110500301.0,0,1
33110500401.0,0,1
33110500501.0,0,1
33110500601.0,0,1
33110500701.0,0,1
33110500801.0,0,0
33110600101.0,0,0
33110600201.0,0,1
33110600301.0,0,0
33110600501.0,0,0
33110600601.0,0,1
33110600701.0,0,0
33110700101.0,0,0
33110700201.0,0,1
33110700401.0,0,0
33110700601.0,0,1
33110700801.0,0,0
33110700901.0,0,1
33110701101.0,0,0
33110701301.0,0,1
33110701401.0,0,0
33110701701.0,0,1
33110701801.0,0,0
33110701901.0,0,0
33110702001.0,0,0
33110702101.0,0,0
33110702201.0,0,1
33110702401.0,0,0
33110702601.0,0,0
33110702701.0,0,0
33110702801.0,0,1
33110703001.0,0,1
33110703201.0,0,1
33110703301.0,0,1
33110703401.0,0,0
33110703501.0,0,1
33110703701.0,0,1
33110703801.0,0,1
33110703901.0,0,0
33110704001.0,0,1
33110704101.0,0,0
33110900101.0,0,1
33110900301.0,0,0
33110900401.0,0,1
33110900501.0,0,0
33110900601.0,0,0
33110900801.0,0,0
33110901001.0,0,0
33110901101.0,0,0
33110901301.0,0,0
33110901302.0,0,0
33110901501.0,0,1
33110901701.0,0,1
33110902001.0,0,1
33110902201.0,0,1
33110902301.0,0,1
33110902501.0,0,1
33110902601.0,0,0
33110902801.0,0,0
33110902901.0,0,0
33110903001.0,0,0
33110903301.0,0,1
33110903401.0,0,1
33110903601.0,0,1
33110903701.0,0,0
33110903801.0,0,0
33110903901.0,0,1
33110904101.0,0,0
33110904201.0,0,0
33110904301.0,0,0
33110904501.0,0,0
33110904601.0,0,0
33110904801.0,0,1
33110904901.0,0,0
33110905101.0,0,0
33110905401.0,0,0
33110905501.0,0,1
33110905601.0,0,0
33110905701.0,0,0
33110905801.0,0,0
33110905901.0,0,0
33110906201.0,0,0
33110906301.0,0,0
33110906401.0,0,0
33111000101.0,0,1
33111000201.0,0,1
33111000301.0,0,1
33111000401.0,0,1
33111100101.0,0,0
33111100201.0,0,0
33111100301.0,0,1
33111100401.0,0,1
33111100501.0,0,1
33111100601.0,0,1
33111200201.0,0,1
33111200301.0,0,0
33111200401.0,0,0
33111200501.0,0,1
33111200601.0,0,1
33111200701.0,0,0
33111200801.0,0,0
33111200901.0,0,0
33111201001.0,0,1
33111201101.0,0,0
33111201201.0,0,1
33111201301.0,0,1
33111201401.0,0,1
33111201501.0,0,1
33111300101.0,0,0
33111300401.0,0,0
33111300501.0,0,0
33111300601.0,0,1
33111300801.0,0,0
33111301001.0,0,0
33111301101.0,0,0
33111301201.0,0,0
33111301301.0,0,0
33111301401.0,0,1
33111301601.0,0,0
33111301701.0,0,0
33111301801.0,0,1
33111301901.0,0,0
33111302001.0,0,1
33111302301.0,0,0
33111302401.0,0,0
33111302501.0,0,0
33111302701.0,0,0
33111500101.0,0,0
33111500201.0,0,0
33111500301.0,0,0
33111500401.0,0,1
33111500501.0,0,0
33111500601.0,0,0
33111500701.0,0,1
33111500801.0,0,0
33111600201.0,0,0
33111600301.0,0,1
33111600401.0,0,1
33111600601.0,0,1
33111600801.0,0,0
33111600901.0,0,1
33111601101.0,0,0
33111601201.0,0,0
33111800101.0,0,0
33111800201.0,0,0
33111800301.0,0,1
33111800401.0,0,0
33111800501.0,0,1
33111800601.0,0,1
33111800701.0,0,0
33111800801.0,0,0
33111800901.0,0,1
33111801001.0,0,0
33111801101.0,0,1
33111801201.0,0,0
33111801301.0,0,0
33111801401.0,0,0
33111801501.0,0,1
33111801601.0,0,1
33111801701.0,0,0
33111801801.0,0,0
33111801901.0,0,1
33111802301.0,0,1
33111802601.0,0,0
33111802801.0,0,0
33111802901.0,0,0
33111803001.0,0,0
33111803101.0,0,1
33111803201.0,0,1
33111803301.0,0,1
33111803501.0,0,0
33111803601.0,0,0
33111803801.0,0,1
33111803901.0,0,1
33111804001.0,0,0
33111804101.0,0,0
33111804201.0,0,0
33111804301.0,0,1
33111804401.0,0,0
33111804501.0,0,1
33111804601.0,0,1
33111804801.0,0,0
33111804901.0,0,0
33111805001.0,0,1
33111805101.0,0,1
33111805201.0,0,1
33111805301.0,0,0
33111805401.0,0,1
33111900101.0,0,0
33111900201.0,0,1
33111900501.0,0,1
33111900601.0,0,1
33111900701.0,0,0
33112000101.0,0,1
33112000301.0,0,1
33112000401.0,0,0
33112000501.0,0,1
33112000601.0,0,0
33112000701.0,0,1
33112000801.0,0,0
33112000901.0,0,0
33112001001.0,0,1
33112001101.0,0,0
33112001201.0,0,0
33112001301.0,0,1
33112001401.0,0,0
33112001501.0,0,1
33112001601.0,0,0
33112001701.0,0,0
33112001801.0,0,0
33112002101.0,0,0
33112002201.0,0,0
33112002301.0,0,0
33112002401.0,0,0
33410100301.0,0,1
33410100401.0,0,1
33410100501.0,0,1
33410100601.0,0,1
33410100801.0,0,1
33410100901.0,0,1
33410101001.0,0,1
33410101101.0,0,1
33410101201.0,0,1
33410101301.0,0,1
33410101401.0,0,1
33410101501.0,0,1
33410101601.0,0,1
33410102101.0,0,0
33410102301.0,0,0
33410102401.0,0,0
33410102601.0,0,0
33410102701.0,0,0
33410102801.0,0,1
33410103101.0,0,1
33410103501.0,0,1
33410103601.0,0,0
33410103701.0,0,0
33410104001.0,0,0
33410104101.0,0,1
33410104301.0,0,0
33410104501.0,0,0
33410104701.0,0,0
33410104901.0,0,0
33410105201.0,0,0
33410105601.0,0,1
33410105801.0,0,1
33410105901.0,0,0
33410200102.0,0,1
33410200301.0,0,1
33410200401.0,0,1
33410200801.0,0,1
33410200901.0,0,0
33410201001.0,0,0
33410201201.0,0,1
33410201301.0,0,1
33410201401.0,0,1
33410201601.0,0,0
33410201701.0,0,0
33410201801.0,0,0
33410201904.0,0,0
33410202201.0,0,1
33410202301.0,0,0
33410202401.0,0,0
33410202501.0,0,0
33410202601.0,0,0
33410202701.0,0,0
33410202801.0,0,0
33410203001.0,0,1
33410203101.0,0,0
33410203401.0,0,0
33410203601.0,0,1
33410203801.0,0,1
33410203901.0,0,1
33410204001.0,0,0
33410204101.0,0,1
33410204201.0,0,0
33410204401.0,0,0
33410204601.0,0,0
33410205101.0,0,0
33410205301.0,0,1
33410205401.0,0,0
33410205501.0,0,1
33410300101.0,0,1
33410300301.0,0,1
33410300401.0,0,0
33410301101.0,0,0
33410301201.0,0,0
33410301301.0,0,1
33410301601.0,0,1
33410301701.0,0,1
33410302201.0,0,0
33410302701.0,0,1
33410303201.0,0,0
33410303301.0,0,1
33410303801.0,0,1
33410304201.0,0,1
33410304401.0,0,0
33410304501.0,0,0
33410304801.0,0,1
33410305001.0,0,0
33410305201.0,0,1
33410305301.0,0,1
33410400101.0,0,0
33410400401.0,0,0
33410400501.0,0,1
33410400502.0,0,0
33410400601.0,0,0
33410401901.0,0,0
33410402001.0,0,0
33410402201.0,0,1
33410402301.0,0,0
33410402501.0,0,1
33410500301.0,0,0
33410500402.0,0,0
33410500501.0,0,1
33410500601.0,0,0
33410500701.0,0,1
33410500801.0,0,1
33410501201.0,0,0
33410501301.0,0,1
33410501601.0,0,0
33410501701.0,0,0
33410501902.0,0,0
33410502102.0,0,0
33410502202.0,0,0
33410502501.0,0,0
33410502601.0,0,0
33410503101.0,0,0
33410503201.0,0,1
33410503501.0,0,0
33410503701.0,0,0
33410503801.0,0,1
33410503901.0,0,0
33410504401.0,0,1
33410504501.0,0,1
33410504601.0,0,1
33410600201.0,0,0
33410600801.0,0,1
33410600901.0,0,0
33410600902.0,0,0
33410601901.0,0,0
33410602702.0,0,1
33410603401.0,0,1
33410603701.0,0,0
33410700301.0,0,0
33410700501.0,0,0
33410701001.0,0,0
33410701201.0,0,0
33410701301.0,0,1
33410701401.0,0,0
33410701801.0,0,0
33410702002.0,0,1
33410702101.0,0,0
33410702401.0,0,0
33410702601.0,0,0
33410702801.0,0,1
33410702901.0,0,0
33410703001.0,0,1
33410703201.0,0,0
33410703401.0,1,0
33410704001.0,0,1
33410704101.0,0,0
33410704701.0,0,0
33410704901.0,0,1
33410800501.0,0,0
33410800502.0,0,0
33410800601.0,0,1
33410801401.0,1,1
33410801502.0,0,0
33410801601.0,0,0
33410801901.0,0,0
33410802401.0,0,1
33410803001.0,1,1
33410900102.0,0,0
33410900301.0,0,0
33410900501.0,0,0
33410901101.0,0,0
33410901501.0,0,0
33410902001.0,0,0
33410902101.0,0,1
33410902401.0,0,1
33410902501.0,0,0
33410902701.0,0,0
33410903001.0,0,0
33410903701.0,0,1
33410903801.0,0,0
33411002401.0,1,1
33411003501.0,0,1
33411003701.0,0,1
33411004101.0,0,1
33411100101.0,0,1
33411100401.0,0,0
33411100501.0,0,1
33411100901.0,0,0
33411102401.0,0,0
33411200601.0,0,0
33411200701.0,0,1
33411200901.0,0,0
33411201101.0,0,0
33411201201.0,0,0
33411201401.0,0,0
33411201601.0,0,0
33411201701.0,0,0
33411201903.0,0,1
33411202301.0,0,0
33411202501.0,0,0
33411202601.0,0,1
33411202801.0,0,0
33411203101.0,0,0
33411203301.0,0,1
33411203401.0,0,0
33411203801.0,0,0
33411204101.0,0,1
33411204701.0,0,0
33411300401.0,0,1
33411300501.0,0,1
33411300701.0,0,0
33411300801.0,0,0
33411301201.0,0,1
33411301202.0,0,1
33411301301.0,0,0
33411301501.0,0,0
33411301801.0,0,0
33411301901.0,0,1
33411302101.0,0,0
33411302201.0,0,0
33411303101.0,0,1
33411303201.0,0,0
33411303502.0,0,0
33411303901.0,0,0
33411304103.0,0,0
33411304801.0,0,0
33411304901.0,0,0
33411400101.0,0,0
33411400301.0,0,1
33411400401.0,0,1
33411400701.0,0,0
33411400801.0,0,0
33411400901.0,0,0
33411401101.0,0,0
33411401301.0,0,0
33411401501.0,0,0
33411401601.0,0,0
33411401701.0,0,0
33411401901.0,0,1
33411402001.0,0,0
33411402101.0,0,1
33411402201.0,0,1
33411402301.0,0,0
33411402401.0,0,0
33411402801.0,0,1
33411403301.0,0,0
33411403601.0,0,0
33421500301.0,0,1
33421500501.0,0,1
33421500701.0,0,1
33421500801.0,0,1
33421500901.0,0,1
33421501001.0,0,1
33421501101.0,0,1
33421501102.0,0,1
33421501201.0,0,1
33421501301.0,0,1
33421501401.0,0,1
33421501501.0,0,1
33421501701.0,0,0
33421501702.0,0,1
33421501901.0,0,1
33421600401.0,0,1
33421601001.0,0,0
33421601101.0,0,0
33421601301.0,0,0
33421700101.0,0,0
33421700401.0,0,0
33421700501.0,0,0
33421700601.0,0,0
33421700701.0,0,1
33421700801.0,0,1
33421701101.0,0,0
33421701301.0,0,1
33421701501.0,0,0
33421701601.0,0,0
33421701701.0,0,1
33421701801.0,0,1
33421800101.0,0,0
33421800201.0,0,0
33421800401.0,0,0
33421800501.0,0,0
33421800601.0,0,0
33421800801.0,0,1
33421800901.0,0,1
33421801001.0,0,1
33421801101.0,0,0
33421801201.0,0,0
33421801301.0,1,1
33421801401.0,0,0
33421900101.0,0,0
33421900201.0,0,1
33421900301.0,0,0
33421900401.0,0,1
33421900501.0,0,0
33421900601.0,0,1
33421900602.0,0,0
33421900701.0,0,0
33421900801.0,0,1
33421900901.0,0,1
33421901001.0,0,1
33421901002.0,0,1
33421901501.0,0,0
33421901601.0,0,0
33421901701.0,0,0
33422000401.0,0,0
33422000601.0,0,0
33422000801.0,0,0
33422001001.0,0,0
33422001301.0,0,1
33422200301.0,0,0
33422200601.0,0,0
33422200701.0,0,0
33422201201.0,0,0
33422201301.0,0,0
33422300101.0,0,1
33422300201.0,0,0
33422300301.0,0,0
33422300701.0,0,1
33422300801.0,0,0
33422300901.0,0,1
33422301002.0,0,0
33422301201.0,0,0
33422301401.0,0,0
33422301701.0,0,0
33422301901.0,0,1
33422400101.0,0,1
33422400701.0,0,0
33422400901.0,0,0
33422401001.0,0,0
33422401201.0,0,1
33422401301.0,0,0
33422401701.0,0,0
33422401801.0,0,0
33422401901.0,0,0
33422500102.0,0,0
33422500201.0,0,1
33422500301.0,0,0
33422500302.0,0,0
33422500501.0,0,0
33422500601.0,0,1
33422500801.0,0,0
33422500901.0,0,0
33422501501.0,0,0
33422600101.0,0,0
33422600201.0,0,1
33422600301.0,0,1
33422600401.0,0,1
33422600501.0,0,0
33422600701.0,0,0
33422600901.0,0,0
33422601001.0,0,0
33422601101.0,0,0
33422601301.0,0,1
33422700101.0,0,1
33422700201.0,0,1
33422700701.0,0,0
33422701101.0,0,0
33422701301.0,0,0
33422800101.0,0,1
33422800301.0,0,1
33422800501.0,0,0
33422800701.0,0,0
33422800801.0,0,1
33422801001.0,0,0
33422801301.0,0,0
33422801401.0,0,0
33422900101.0,0,1
33422900501.0,0,0
33422900601.0,0,1
33422900901.0,0,0
33422901001.0,0,1
33422901101.0,0,0
33422901301.0,0,1
33423000201.0,0,1
33423100101.0,0,1
33423100201.0,0,0
33423100801.0,0,0
33423101101.0,0,1
33423101201.0,0,0
33423101401.0,0,0
33423200101.0,0,0
33423200301.0,0,0
33423200401.0,0,1
33423200501.0,0,1
33423200901.0,0,1
33423201001.0,0,0
33423201101.0,0,0
33423201501.0,0,0
33423300101.0,0,0
33423300201.0,0,0
33423300301.0,0,1
33423300401.0,0,1
33423300501.0,0,1
33423300601.0,0,0
33423300702.0,0,0
33423300801.0,0,0
33423300901.0,0,1
33423301001.0,0,0
33423301101.0,0,0
33423400101.0,0,1
33423400301.0,0,0
33423400401.0,0,0
33423400501.0,0,1
33423400901.0,0,1
33423401001.0,0,1
33423401101.0,0,1
33423401201.0,0,0
33423401301.0,0,1
33423401302.0,0,1
33423401401.0,0,1
33423401601.0,0,0
33423401701.0,0,1
33423500401.0,0,1
33423500501.0,1,0
33423500601.0,0,0
33423500701.0,0,0
33423501001.0,0,0
33423501101.0,0,0
33423501201.0,0,1
33423600101.0,0,0
33423600201.0,0,1
33423600401.0,0,0
33423600501.0,0,0
33423600601.0,0,1
33423600701.0,0,0
33423600801.0,0,0
33423600901.0,0,0
33423601001.0,0,1
33423601101.0,0,0
33423700201.0,0,1
33423700301.0,0,1
33423700401.0,0,1
33423700501.0,0,1
33423700601.0,0,0
33423700701.0,0,1
33423700801.0,0,1
33423700901.0,0,0
33423701001.0,0,1
33423701101.0,0,1
33423701301.0,0,0
33423701401.0,0,1
33423800401.0,0,0
33423800701.0,0,0
33423801001.0,0,1
33423801101.0,0,0
33423801201.0,0,0
33423801301.0,0,1
33423801302.0,0,1
33423900101.0,0,0
33423900301.0,0,0
33423900401.0,0,0
33423900501.0,0,1
33423900601.0,0,0
33423900701.0,0,1
33423900801.0,0,0
33423900901.0,0,0
33423901001.0,0,0
33423901101.0,0,0
33423901102.0,0,0
33423901201.0,0,0
33423901301.0,0,0
33424000201.0,0,1
33424000601.0,0,1
33424000701.0,0,1
33424000801.0,0,1
33424000901.0,0,0
33424100101.0,0,0
33424100301.0,0,0
33424100401.0,0,0
33424101001.0,0,0
33424101101.0,0,0
33424101201.0,0,1
33424101301.0,0,0
33424200201.0,0,0
33424200301.0,0,1
33424200401.0,0,1
33424200501.0,0,0
33424200601.0,0,0
33424200701.0,0,1
33424200801.0,0,0
33424200901.0,0,0
33424201001.0,0,1
33424201101.0,0,0
33424201301.0,0,1
33424201401.0,0,0
33424201501.0,0,1
34110100101.0,0,1
34110100201.0,0,1
34110100401.0,0,1
34110100501.0,0,1
34110100601.0,0,1
34110100701.0,0,0
34110100801.0,0,1
34110100901.0,0,1
34110200101.0,0,1
34110200201.0,0,1
34110200301.0,0,1
34110200401.0,0,1
34110200501.0,0,1
34110300101.0,0,1
34110300201.0,0,1
34110300301.0,0,1
34110300401.0,0,1
34110300501.0,0,1
34110300601.0,0,1
34110300701.0,0,1
34110300801.0,0,1
34110300901.0,0,1
34110301001.0,0,1
34110301101.0,0,1
34110301201.0,0,1
34110301301.0,0,0
34110301401.0,0,1
34110301501.0,0,1
34110301601.0,0,1
34110301701.0,0,1
34110301801.0,0,1
34110301901.0,0,1
34110400101.0,0,1
34110400201.0,0,1
34110400301.0,0,1
34110400401.0,0,1
34110400501.0,0,1
34110400601.0,0,1
34110400701.0,0,1
34110400801.0,0,1
34110401201.0,0,1
34110500701.0,0,1
34110500801.0,0,1
34110500901.0,0,1
34110501001.0,0,1
34110501101.0,0,1
34110501201.0,0,1
34110501301.0,0,1
34110501401.0,0,1
34110501501.0,0,1
34110501601.0,0,0
34110501701.0,0,1
34110501801.0,0,1
34110501901.0,0,1
34110502001.0,0,1
34110502201.0,0,1
34110600101.0,0,1
34110700101.0,0,1
34110700201.0,0,1
34110700301.0,0,1
34110700401.0,0,1
34110700601.0,0,1
34110700701.0,0,1
34110700901.0,0,1
34110701001.0,0,1
34110701101.0,0,1
34110701201.0,0,1
34110701301.0,0,1
34110701401.0,0,1
34110701501.0,0,1
34110701601.0,0,1
34110701701.0,0,1
34110701801.0,0,1
34110701901.0,0,1
34110702001.0,0,1
34110702101.0,0,1
34110702201.0,0,1
34110800101.0,0,1
34110800201.0,0,1
34110800301.0,0,1
34110800501.0,0,1
34110800601.0,0,1
34110800801.0,0,1
34110800901.0,0,1
34110801001.0,0,0
34110801101.0,0,1
34110801201.0,0,1
34110900101.0,0,1
34110900301.0,0,1
34110900401.0,0,0
34110900501.0,0,1
34110900601.0,0,1
34110900701.0,0,1
34110900801.0,0,1
34110900901.0,0,1
34110901001.0,0,0
34110901101.0,0,0
34110901201.0,0,0
34110901301.0,0,1
34110901401.0,0,1
34110901501.0,0,1
34110901701.0,0,1
34110901801.0,0,1
34110901901.0,0,0
34110902101.0,0,0
34110902301.0,0,0
34110902401.0,0,1
34110902501.0,0,1
34110902701.0,0,1
34110902801.0,0,1
34110902901.0,0,1
34110903001.0,0,1
34110903101.0,0,0
34110903301.0,0,1
34110903401.0,0,1
34110903501.0,0,0
34110903601.0,0,1
34110903701.0,0,1
34110903901.0,0,1
34110904001.0,0,1
34110904101.0,0,1
34110904301.0,0,1
34110904501.0,0,1
34111000101.0,0,0
34111000201.0,0,0
34111000301.0,0,0
34111000401.0,0,0
34111000501.0,0,1
34111000601.0,0,1
34111000701.0,0,0
34111000801.0,0,1
34111000901.0,0,0
34111001001.0,0,1
34111001201.0,0,1
34111001301.0,0,1
34111001401.0,0,1
34111001501.0,0,1
34111001701.0,0,0
34111001801.0,0,0
34111001901.0,0,1
34111002001.0,0,1
34111002101.0,0,1
34111002201.0,0,0
34111100101.0,0,1
34111100201.0,0,1
34111100301.0,0,1
34111100401.0,0,0
34111100501.0,0,1
34111100601.0,0,0
34111100701.0,0,1
34111100801.0,0,0
34111100901.0,0,1
34111101001.0,0,1
34111500101.0,0,0
34111500201.0,0,1
34111500301.0,0,1
34111500401.0,0,1
34111500501.0,0,1
34111500601.0,0,1
34111500701.0,0,1
34111500801.0,0,0
34111500901.0,0,1
34111501001.0,0,0
34111501101.0,0,1
34111501201.0,0,1
34111501301.0,0,1
34111501401.0,0,1
34111501501.0,0,1
34111501601.0,0,1
34111501701.0,0,1
34111501901.0,0,0
34111502001.0,0,1
34111502101.0,0,1
34111502201.0,0,1
34111502301.0,0,1
34111502401.0,0,1
34111600101.0,0,0
34111600201.0,0,1
34111600301.0,0,1
34111600401.0,0,0
34111600501.0,0,0
34111600601.0,0,1
34111600701.0,0,1
34111600901.0,0,1
34111601001.0,0,1
34111601101.0,0,0
34111601201.0,0,1
34111601301.0,0,1
34111601401.0,0,0
34111601601.0,0,1
34111601701.0,0,1
34111601801.0,0,1
34111601901.0,0,1
34111602001.0,0,1
34111602101.0,0,1
34111602201.0,0,0
34111602301.0,0,1
34111602401.0,0,0
34111602501.0,0,0
34111602701.0,0,1
34111602801.0,0,1
34111602901.0,0,1
34111603001.0,0,0
34111603101.0,0,1
34111603201.0,0,1
34111603501.0,0,1
34111603801.0,0,0
34111603901.0,0,0
34111604001.0,0,0
34111604101.0,0,0
34111604201.0,0,1
34111604401.0,0,0
34111604501.0,0,1
34111700101.0,0,1
34111700201.0,0,1
34111700301.0,0,1
34111700401.0,0,1
34111700601.0,0,1
34111700701.0,0,1
34111700801.0,0,1
34111700901.0,0,1
34111701001.0,0,0
34111701101.0,0,1
34111701201.0,0,1
34111701301.0,0,1
34111701401.0,0,1
34111701501.0,0,1
34111701601.0,0,1
34111701701.0,0,0
34111701801.0,0,1
34111701901.0,0,1
34111800101.0,0,1
34111800201.0,0,1
34111800301.0,0,0
34111800401.0,0,1
34111800501.0,0,1
34111800601.0,0,1
34111900101.0,0,1
34111900201.0,0,1
34111900301.0,0,1
34111900401.0,0,1
34111900501.0,0,0
34111900601.0,0,1
34111900701.0,0,1
34111900901.0,0,1
34111901001.0,0,0
34111901401.0,0,0
34111901501.0,0,0
34111901601.0,0,1
34111901701.0,0,0
34111901801.0,0,1
34111902101.0,0,1
34111902201.0,0,1
34111902301.0,0,1
34111902401.0,0,1
34112000101.0,0,1
34112000201.0,0,1
34112000301.0,0,0
34112000401.0,0,0
34112000501.0,0,0
34112000601.0,0,0
34112000701.0,0,0
34112000801.0,0,0
34112000901.0,0,1
34112001001.0,0,1
34112001101.0,0,1
34112001201.0,0,1
34112001401.0,0,1
34112001601.0,0,1
34112001801.0,0,1
34112100101.0,0,1
34112100201.0,0,1
34112100301.0,0,0
34112100401.0,0,0
34112100501.0,0,1
34112100601.0,0,0
34112100801.0,0,1
34112100901.0,0,0
34112101001.0,0,1
34112101101.0,0,1
34112101201.0,0,1
34112101301.0,0,1
34112101401.0,0,1
34112101501.0,0,1
34112101801.0,0,0
34112101901.0,0,0
34112102001.0,0,0
34112102101.0,0,1
34112102201.0,0,0
34112102301.0,0,0
34112102401.0,0,0
34112102501.0,0,1
34112102601.0,0,1
34112102701.0,0,1
34112102901.0,0,1
34112103001.0,0,1
34112300101.0,0,0
34112300201.0,0,1
34112300301.0,0,1
34112300401.0,0,0
34112300501.0,0,1
34112400101.0,0,1
34112400401.0,0,0
34112400501.0,0,1
34112400601.0,0,1
34302500101.0,1,1
34302500201.0,1,0
34302600101.0,1,0
34302600201.0,0,1
34302700101.0,0,0
34302700201.0,1,0
34302700301.0,0,1
34302800101.0,1,0
34302800201.0,0,1
34302800301.0,0,0
34302800401.0,0,1
34302800501.0,1,0
34302800601.0,1,0
34302800701.0,0,1
34420100101.0,0,0
34420100201.0,0,1
34420100401.0,0,1
34420100501.0,0,0
34420100601.0,0,1
34420100701.0,0,1
34420100801.0,0,1
34420101001.0,0,1
34420101101.0,0,0
34420101201.0,0,1
34420101301.0,0,0
34420101401.0,0,1
34420101501.0,0,1
34420200101.0,0,0
34420200201.0,0,1
34420200301.0,0,0
34420200401.0,0,0
34420200601.0,0,1
34420200701.0,0,0
34420200801.0,0,1
34420200901.0,0,1
34420201001.0,0,1
34420201101.0,0,1
34420201201.0,0,1
34420201301.0,0,1
34420201401.0,0,0
34420201501.0,0,1
34420201601.0,0,1
34420201701.0,0,1
34420300101.0,0,1
34420300201.0,0,0
34420300301.0,0,1
34420300401.0,0,1
34420300501.0,0,1
34420300601.0,0,0
34420300701.0,0,0
34420300801.0,0,1
34420300901.0,0,1
34420301001.0,0,0
34420301101.0,0,0
34420301201.0,0,0
34420301301.0,0,1
34420400101.0,0,0
34420400201.0,0,1
34420400301.0,0,1
34420400401.0,0,1
34420400701.0,0,1
34420400801.0,0,1
34420400902.0,0,1
34420401201.0,0,1
34420401401.0,0,0
34420401501.0,0,1
34420500101.0,0,1
34420500201.0,0,0
34420500301.0,0,0
34420500401.0,0,1
34420500501.0,0,1
34420500801.0,0,1
34420500901.0,0,0
34420501001.0,0,1
34420600101.0,0,0
34420600201.0,0,0
34420600301.0,0,1
34420600401.0,0,0
34420600501.0,0,0
34420600601.0,0,0
34420600801.0,0,0
34420600901.0,0,1
34420601001.0,0,1
34420601101.0,0,0
34420601201.0,0,1
34420601301.0,0,0
34420601401.0,0,0
34420601501.0,0,0
34420601601.0,0,1
34420601701.0,0,0
34420601801.0,0,0
34420601901.0,0,1
34420602001.0,0,0
34420602301.0,0,0
34420602401.0,0,0
34420602501.0,0,0
34420602601.0,0,0
34420602701.0,0,1
34420602801.0,0,1
34420602901.0,0,1
34420603001.0,0,0
34420603101.0,0,0
34420603201.0,0,0
34420603301.0,0,1
34420603401.0,0,0
34420603501.0,0,1
34420603601.0,0,0
34420603701.0,0,0
34420603801.0,0,0
34420604101.0,0,0
34420800201.0,0,1
34420800401.0,0,1
34420800501.0,0,0
34420800601.0,0,0
34420800701.0,0,0
34420800801.0,0,1
34420800901.0,0,1
34420801101.0,0,1
34420801201.0,0,1
34420801301.0,0,0
34420900101.0,0,1
34420900301.0,0,1
34420900401.0,0,0
34420900601.0,0,1
34420900701.0,0,0
34420900801.0,0,1
34420900901.0,0,0
34420900902.0,0,0
34420901001.0,0,0
34420901201.0,0,1
34420901301.0,0,1
34420901401.0,0,0
34420901501.0,0,1
34420901601.0,0,1
34420901701.0,0,0
34420901901.0,0,1
34420902101.0,0,0
34420902102.0,0,0
34420902301.0,0,1
34420902401.0,0,0
34420902501.0,0,0
34420902601.0,0,0
34421000201.0,0,0
34421000401.0,0,0
34421000501.0,0,0
34421000601.0,0,0
34421000701.0,0,0
34421000801.0,0,1
34421001102.0,0,1
34421001201.0,0,0
34421001301.0,0,1
34421001501.0,0,0
34421001601.0,0,1
34421100201.0,0,0
34421100301.0,0,1
34421100501.0,0,1
34421100601.0,0,1
34421100701.0,0,0
34421100801.0,0,0
34421101201.0,0,1
34421101301.0,0,1
34421101501.0,0,1
34421101601.0,0,1
34421101701.0,0,1
34421101801.0,0,1
34421101901.0,0,1
34421102001.0,0,0
34421102301.0,0,1
34421102401.0,0,0
34421102501.0,0,1
34421102701.0,0,0
35110100101.0,0,1
35110100201.0,0,1
35110100401.0,0,0
35110100501.0,0,1
35110100601.0,0,1
35110100701.0,0,1
35110100801.0,0,1
35110300201.0,0,1
35110300301.0,0,1
35110300401.0,0,1
35110300501.0,0,1
35110300601.0,0,1
35110300701.0,0,1
35110300801.0,0,1
35110300901.0,0,1
35110301001.0,0,1
35110301101.0,0,1
35110301201.0,0,1
35110301301.0,0,1
35110301401.0,0,1
35110301501.0,0,1
35110400101.0,0,1
35110400201.0,0,1
35110400301.0,0,1
35110400401.0,0,1
35110400601.0,0,1
35110400701.0,0,1
35110400801.0,0,1
35110500201.0,0,1
35110500601.0,0,1
35110500701.0,0,1
35110500801.0,0,1
35110500901.0,0,1
35110501101.0,0,1
35110501201.0,0,1
35110501301.0,0,1
35110501401.0,0,0
35110501501.0,0,1
35110501601.0,0,1
35110501701.0,0,1
35110501801.0,0,0
35110600101.0,0,1
35110600201.0,0,1
35110600301.0,0,1
35110600401.0,0,1
35110600501.0,0,1
35110600601.0,0,1
35110600701.0,0,1
35110600801.0,0,1
35110600901.0,0,1
35110601001.0,0,1
35110601101.0,0,1
35110601201.0,0,1
35110601301.0,0,1
35110601401.0,0,1
35110601501.0,0,1
35110601601.0,0,1
35110601701.0,0,1
35110601801.0,0,1
35110601901.0,0,1
35110602101.0,0,1
35110602201.0,0,1
35110602301.0,0,1
35110700201.0,0,1
35110700301.0,0,1
35110700401.0,0,1
35110700501.0,0,1
35110700601.0,0,1
35110700701.0,0,1
35110900201.0,0,1
35110900301.0,0,1
35110900401.0,0,0
35110900501.0,0,1
35110900601.0,0,1
35110900701.0,0,1
35110900901.0,0,1
35110901001.0,0,1
35110901101.0,0,1
35110901201.0,0,1
35110901301.0,0,1
35110901401.0,0,1
35110901701.0,0,1
35110901801.0,0,1
35110901901.0,0,1
35110902001.0,0,1
35110902101.0,0,1
35110902301.0,0,1
35110902401.0,0,1
35110902501.0,0,1
35110902601.0,0,1
35110902701.0,0,0
35110902801.0,0,1
35110902901.0,0,1
35111000101.0,0,1
35111000201.0,0,1
35111000301.0,0,1
35111000401.0,0,1
35111000501.0,0,1
35111000601.0,0,1
35111000701.0,0,1
35111000901.0,0,1
35111001001.0,0,1
35111001101.0,0,1
35111001201.0,0,1
35111001301.0,0,1
35111001401.0,0,1
35111001501.0,0,1
35111001601.0,0,1
35111001701.0,0,1
35111100101.0,0,1
35111100201.0,0,1
35111100301.0,0,1
35111100501.0,0,1
35111100601.0,0,1
35111100801.0,0,1
35111100901.0,0,1
35111101001.0,0,1
35111101101.0,0,1
35111101301.0,0,1
35111101401.0,0,1
35111101501.0,0,1
35111101601.0,0,1
35111300101.0,0,1
35111300201.0,0,1
35111300301.0,0,1
35111300401.0,0,1
35111300501.0,0,1
35111300601.0,0,1
35111400101.0,0,1
35111400201.0,0,1
35111500101.0,0,1
35111500301.0,0,1
35111500401.0,0,1
35111500501.0,0,1
35111500601.0,0,1
35111500701.0,0,1
35111500801.0,0,1
35111500901.0,0,1
35111700101.0,0,1
35111700201.0,0,1
35111700301.0,0,1
35111700401.0,0,1
35111700501.0,0,1
35111700601.0,0,1
35111700901.0,0,1
35111701001.0,0,1
35111701101.0,0,1
35111701201.0,0,1
35111701301.0,0,1
35111701401.0,0,1
35111701501.0,0,0
35111701601.0,0,1
35111701701.0,0,1
35111701801.0,0,1
35111701901.0,0,1
35111702001.0,0,1
35111702101.0,0,1
35111702201.0,0,1
35111800101.0,0,1
35111800201.0,0,1
35111800301.0,0,1
35111800401.0,0,1
35111800501.0,0,1
35111800601.0,0,1
35111800701.0,0,1
35111800801.0,0,1
35111801001.0,0,1
35111801101.0,0,1
35111801201.0,0,1
35111801401.0,0,1
35111801601.0,0,1
35111801701.0,0,0
35111801801.0,0,0
35111801901.0,0,1
35111802001.0,0,1
35111802101.0,0,1
35111802201.0,0,1
35111802301.0,0,1
35111900101.0,0,1
35111900201.0,0,1
35111900301.0,0,1
35111900401.0,0,1
35111900601.0,0,1
35112000101.0,0,1
35112000201.0,0,1
35112000301.0,0,1
35112000401.0,0,1
35112000501.0,0,1
35112000601.0,0,1
35112000801.0,0,1
35112200201.0,0,1
35112200301.0,0,1
35112200401.0,0,1
35112200601.0,0,1
35112200701.0,0,1
35112200801.0,0,1
35112200901.0,0,1
35112201001.0,0,1
35112201101.0,0,1
35112201201.0,0,1
35112201301.0,0,1
35112201501.0,0,1
35112201601.0,0,1
35112201701.0,0,1
35112300201.0,0,1
35112300401.0,0,1
35112300501.0,0,1
35112300601.0,0,0
35112300701.0,0,1
35112300801.0,0,1
35112301001.0,0,1
35112301101.0,0,1
35112301201.0,0,1
35112301301.0,0,0
35112301401.0,0,0
35112301501.0,0,1
35112301601.0,0,1
35112301701.0,0,1
35112301801.0,0,1
35112301901.0,0,1
35112302001.0,0,1
35112302101.0,0,1
35112302201.0,0,1
35112400101.0,0,1
35112400201.0,0,1
35112400301.0,0,1
35112400401.0,0,1
35112400501.0,0,1
35112400601.0,0,1
35112400701.0,0,1
35112400801.0,0,1
35112400901.0,0,1
35112401101.0,0,1
35112401201.0,0,1
35112401301.0,0,1
35112401401.0,0,0
35112401501.0,0,1
35112401601.0,0,1
35112401701.0,0,1
35112401801.0,0,1
35112401901.0,0,0
35112402001.0,0,0
35112402101.0,0,1
35112402201.0,0,1
35112402301.0,0,1
35112402401.0,0,1
35112402501.0,0,1
35302500101.0,1,0
35302500201.0,1,0
35302500301.0,0,0
35302500401.0,0,0
35302500501.0,1,0
35302600101.0,1,0
35302600201.0,1,0
35302600301.0,0,1
35302700101.0,1,0
35302700201.0,0,0
35302700301.0,1,0
35302800101.0,0,1
35302800201.0,0,1
35420100301.0,0,1
35420100701.0,0,1
35420101001.0,0,1
35420101101.0,0,1
35420101501.0,0,1
35420101701.0,0,0
35420200201.0,0,1
35420200401.0,0,1
35420200501.0,0,1
35420200601.0,0,1
35420200701.0,0,0
35420200901.0,0,1
35420201001.0,0,0
35420201201.0,0,1
35420201301.0,0,1
35420201401.0,0,1
35420201501.0,0,1
35420201601.0,0,1
35420201602.0,0,1
35420201701.0,0,1
35420300101.0,0,1
35420300301.0,0,1
35420300302.0,0,1
35420300501.0,0,1
35420300502.0,0,1
35420300601.0,0,1
35420300602.0,0,1
35420300901.0,0,1
35420400101.0,0,1
35420400201.0,0,1
35420400301.0,0,1
35420400401.0,0,1
35420400501.0,0,1
35420400601.0,0,1
35420400701.0,0,1
35420401001.0,0,1
35420401501.0,0,1
35420401601.0,0,1
35420401701.0,0,1
35420500601.0,0,0
35420500801.0,0,1
35420500901.0,0,1
35420501001.0,0,0
35420501201.0,0,1
35420501401.0,0,1
35420501501.0,0,1
35420501901.0,0,1
35420502001.0,0,1
35420502301.0,0,1
36110600101.0,0,1
36110600201.0,0,1
36110600301.0,0,0
36110600401.0,0,1
36110600501.0,0,1
36110800101.0,0,1
36111200101.0,0,0
36111200201.0,0,1
36111200301.0,0,1
36111200401.0,0,1
36111200501.0,0,1
36111200601.0,0,1
36111200701.0,0,1
36111200801.0,0,0
36111200901.0,0,1
36111201001.0,0,0
36111201101.0,0,1
36111201201.0,0,1
36111201401.0,0,1
36111201501.0,0,1
36111201601.0,0,1
36111201701.0,0,0
36111201801.0,0,1
36111201901.0,0,1
36111202001.0,0,1
36111202101.0,0,1
36111202201.0,0,1
36111202301.0,0,1
36111202401.0,0,1
36111202501.0,0,1
36111202601.0,0,0
36111202801.0,0,0
36111300101.0,0,1
36111300201.0,0,1
36111300301.0,0,1
36111300401.0,0,1
36111300501.0,0,1
36111300701.0,0,1
36111500101.0,0,1
36111500201.0,0,1
36111500301.0,0,1
36111500401.0,0,1
36111500501.0,0,1
36111500601.0,0,1
36111500701.0,0,0
36111500801.0,0,0
36111500901.0,0,1
36111501101.0,0,0
36111501201.0,0,1
36111501301.0,0,1
36111501401.0,0,1
36111501501.0,0,1
36111501601.0,0,1
36111501701.0,0,1
36111501801.0,0,1
36111501901.0,0,1
36111502001.0,0,1
36111502101.0,0,1
36111502401.0,0,1
36111600101.0,0,1
36111600201.0,0,1
36111600301.0,0,1
36111600501.0,0,0
36111600601.0,0,1
36111600701.0,0,1
36111600801.0,0,1
36111600901.0,0,1
36111601101.0,0,1
36111601201.0,0,1
36111601301.0,0,1
36111601401.0,0,1
36111601501.0,0,1
36111601601.0,0,1
36111601701.0,0,1
36111601801.0,0,1
36111601901.0,0,1
36111602001.0,0,1
36111602101.0,0,1
36112000301.0,0,0
36112000501.0,0,0
36112000601.0,0,1
36112000701.0,0,1
36112000801.0,0,1
36112000901.0,0,1
36112001001.0,0,1
36112001101.0,0,0
36112001201.0,0,1
36112001301.0,0,1
36112001401.0,0,1
36112001501.0,0,1
36112001601.0,0,1
36112001701.0,0,1
36112001801.0,0,1
36112001901.0,0,1
36112002001.0,0,1
36112002101.0,0,1
36112002201.0,0,1
36112002301.0,0,1
36112002501.0,0,1
36112002601.0,0,1
36112002701.0,0,0
36112002801.0,0,1
36112002901.0,0,1
36112003001.0,0,1
36112003101.0,0,1
36112003201.0,0,1
36112003401.0,0,1
36112003501.0,0,1
36112100101.0,0,1
36112100201.0,0,1
36112100301.0,0,1
36112100401.0,0,1
36112100501.0,0,1
36112100601.0,0,1
36112400101.0,0,1
36112400201.0,0,1
36112400401.0,0,1
36112400501.0,0,1
36112400601.0,0,1
36112400701.0,0,1
36112400801.0,0,1
36112400901.0,0,1
36112401001.0,0,1
36112401101.0,0,1
36112401201.0,0,1
36112401301.0,0,1
36112401401.0,0,1
36112401501.0,0,1
36112401601.0,0,1
36112401701.0,0,1
36112401801.0,0,1
36112401901.0,0,1
36112402001.0,0,1
36112402101.0,0,1
36112402201.0,0,1
36112402301.0,0,0
36112402401.0,0,1
36112402501.0,0,0
36112402601.0,0,1
36112402701.0,0,1
36112402801.0,0,1
36112402901.0,0,1
36112403001.0,0,1
36112403101.0,0,1
36112500101.0,0,1
36112500301.0,0,1
36112500401.0,0,1
36112500501.0,0,1
36112500601.0,0,1
36112500801.0,0,1
36112500901.0,0,1
36112501001.0,0,1
36112501101.0,0,1
36112501201.0,0,1
36112501301.0,0,1
36112501401.0,0,1
36112501501.0,0,1
36112501601.0,0,1
36112501701.0,0,1
36112501801.0,0,1
36112501901.0,0,1
36112502001.0,0,1
36112502201.0,0,1
36112502301.0,0,1
36112502401.0,0,1
36112502501.0,0,1
36112502502.0,0,1
36112502601.0,0,1
36112502801.0,0,1
36112502901.0,0,1
36112503001.0,0,1
36112503201.0,0,0
36112503301.0,0,1
36112503401.0,0,1
36112503501.0,0,0
36112503601.0,0,1
36112503701.0,0,1
36112503801.0,0,1
36112504201.0,0,1
36112504301.0,0,1
36112504401.0,0,1
36112504501.0,0,1
36112504601.0,0,1
36112504701.0,0,1
36112504901.0,0,1
36112505001.0,0,1
36112505101.0,0,1
36112505201.0,0,1
36112505301.0,0,1
36112505401.0,0,1
36112505601.0,0,1
36112505701.0,0,1
36112505801.0,0,1
36112505901.0,0,1
36112506001.0,0,1
36112506201.0,0,1
36112506301.0,0,1
36112506401.0,0,1
36112506501.0,0,1
36112506601.0,0,1
36112506701.0,0,1
36112506901.0,0,1
36112507101.0,0,1
36112507201.0,0,1
36112507301.0,0,1
36112507401.0,0,1
36112507501.0,0,0
36112507601.0,0,0
36112507701.0,0,1
36112507801.0,0,1
36112507901.0,0,1
36112508001.0,0,1
36200900101.0,0,1
36410100101.0,0,0
36410100201.0,0,1
36410100401.0,0,1
36410100501.0,0,1
36410100601.0,0,0
36410100701.0,0,1
36410100801.0,0,1
36410100901.0,0,1
36410101001.0,0,0
36410101101.0,0,1
36410101201.0,0,1
36410101301.0,0,1
36410101401.0,0,1
36410101501.0,0,1
36410101601.0,0,1
36410101701.0,0,1
36410101801.0,0,1
36410101901.0,0,1
36410102101.0,0,0
36410102201.0,0,1
36410102501.0,0,1
36410102601.0,0,1
36410102701.0,0,0
36410102801.0,0,1
36410102901.0,0,0
36410103001.0,0,1
36410103101.0,0,1
36410103401.0,0,0
36410103501.0,0,0
36410103601.0,0,1
36410103701.0,0,0
36410103801.0,0,0
36410103901.0,0,0
36410104001.0,0,1
36410104101.0,0,0
36410104301.0,0,0
36410104401.0,0,0
36410104501.0,0,0
36410104601.0,0,0
36410200101.0,0,0
36410200201.0,0,0
36410200301.0,0,1
36410200401.0,0,0
36410200501.0,0,0
36410200601.0,0,1
36410200701.0,0,0
36410200901.0,0,0
36410201001.0,0,0
36410201101.0,0,1
36410201201.0,0,1
36410201301.0,0,1
36410201401.0,0,1
36410201501.0,0,0
36410201701.0,0,1
36410201801.0,0,1
36410202001.0,0,0
36410202101.0,0,1
36410202601.0,0,0
36410204601.0,0,0
36410300201.0,0,1
36410300301.0,0,1
36410300401.0,0,1
36410300501.0,0,1
36410300701.0,0,1
36410301001.0,0,0
36410301101.0,0,0
36410301201.0,0,0
36410301401.0,0,0
36410301501.0,0,1
36410301601.0,0,1
36410301701.0,0,0
36410301801.0,0,0
36410301901.0,0,1
36410302001.0,0,1
36410302201.0,0,1
36410302401.0,0,0
36410302501.0,0,1
36410302601.0,0,0
36410302901.0,0,1
36410303001.0,0,1
36410303201.0,0,1
36410303301.0,0,0
36410303401.0,0,1
36410303601.0,0,1
36410303701.0,0,1
36410303801.0,0,1
36410303901.0,0,1
36410304001.0,0,1
36410304101.0,0,0
36410401201.0,0,0
36410401301.0,0,1
36410401701.0,0,1
36410401901.0,0,1
36410402801.0,0,0
36410403901.0,0,1
36410501201.0,0,1
36410501202.0,0,1
36410501203.0,0,0
36410501301.0,0,1
36410501601.0,0,1
36410501801.0,0,0
36410502301.0,0,0
36410502601.0,0,1
36410502801.0,0,1
36410503001.0,0,0
36410503101.0,0,1
36410503201.0,0,0
36410503301.0,0,1
36410503601.0,0,1
36410600101.0,0,1
36410600102.0,0,1
36410600201.0,0,1
36410600501.0,0,1
36410600601.0,0,1
36410601201.0,0,1
36410602401.0,0,1
36410602501.0,0,0
36410602901.0,0,1
36410603201.0,0,1
36410603401.0,0,1
36410603701.0,0,1
36410604001.0,0,0
36420700101.0,0,0
36420700201.0,0,1
36420700202.0,0,1
36420700301.0,0,0
36420700401.0,0,0
36420700501.0,0,1
36420700601.0,0,0
36420700602.0,0,1
36420700801.0,0,1
36420700901.0,0,0
36420701001.0,0,0
36420701101.0,0,0
36420701301.0,0,1
36420701401.0,0,1
36420800101.0,0,1
36420800201.0,0,1
36420800301.0,0,1
36420800401.0,0,1
36420800501.0,0,0
36420800601.0,0,1
36420800701.0,0,0
36420800801.0,0,1
36420800901.0,0,1
36420801001.0,0,0
36420801101.0,0,0
36420900101.0,0,0
36420900201.0,0,1
36420900301.0,0,0
36420900302.0,0,1
36420900501.0,0,0
36420900601.0,0,1
36420900701.0,0,0
36420900801.0,0,1
36420900901.0,0,1
36420901001.0,0,1
36420901101.0,0,0
36420901201.0,0,1
36420901401.0,0,1
36420901501.0,0,1
36420901601.0,0,1
36420901801.0,0,1
36421000101.0,0,0
36421000201.0,0,1
36421000301.0,0,0
36421000401.0,0,0
36421000601.0,0,1
36421000701.0,0,0
36421000801.0,0,1
36421000901.0,0,0
36421001001.0,0,1
36421100101.0,0,1
36421100201.0,0,1
36421100301.0,0,1
36421100401.0,0,0
36421100501.0,0,0
36421100601.0,0,0
36421100701.0,0,0
36421100801.0,0,1
36421100901.0,0,0
36421101201.0,0,0
36421101301.0,0,0
36421101401.0,0,0
36421200101.0,0,1
36421200201.0,0,1
36421200301.0,0,0
36421200601.0,0,0
36421200701.0,0,0
36421200801.0,0,1
36421200901.0,0,1
36421201001.0,0,1
36421201101.0,0,1
36421300101.0,0,1
36421300201.0,0,1
36421300301.0,0,0
36421300701.0,0,0
36421300801.0,0,1
36421301401.0,0,0
36421400101.0,0,0
36421500101.0,0,1
36421500301.0,0,1
36421500601.0,0,1
36421500801.0,0,1
36421500901.0,0,1
36421501001.0,0,1
36421501101.0,0,1
36421501301.0,0,1
36421501401.0,0,1
36421501501.0,0,0
36421501601.0,0,0
36421501701.0,0,1
36421600101.0,0,1
36421600201.0,0,1
36421600301.0,0,0
36421600401.0,0,1
36421600501.0,0,1
36421600601.0,0,0
36421600701.0,0,1
36421600901.0,0,0
36421601101.0,0,1
36421601201.0,0,1
36421601302.0,0,1
36421601401.0,0,1
36421700101.0,0,1
36421700301.0,0,1
36421700401.0,0,1
36421700501.0,0,1
36421700601.0,0,1
36421701001.0,0,0
36421701101.0,0,0
36421701201.0,0,1
36421701301.0,0,1
36421701401.0,0,0
36421701501.0,0,1
36421701601.0,0,1
36421701701.0,0,1
36421701901.0,0,1
36421800201.0,0,1
36421800301.0,0,1
36421800701.0,0,1
36421800801.0,0,1
36421800901.0,0,1
36421801001.0,0,1
36421801301.0,0,1
36421801401.0,0,1
36421801501.0,0,1
36421801601.0,0,1
36421900101.0,0,1
36421900201.0,0,1
36421900202.0,0,0
36421900401.0,0,1
36421900602.0,0,0
36421900701.0,0,0
36421900801.0,0,0
36421900802.0,0,0
36421900901.0,0,1
36421901001.0,0,1
36421901101.0,0,1
36421901301.0,0,0
36421901302.0,0,0
36422000101.0,0,1
36422000201.0,0,1
36422000301.0,0,0
36422000401.0,0,1
36422000501.0,0,1
36422000601.0,0,1
36422000701.0,0,1
36422000801.0,0,1
36422000901.0,0,1
36422001001.0,0,1
36422001101.0,0,1
36422001301.0,0,1
36422001401.0,0,1
36422001501.0,0,1
36422100101.0,0,1
36422100201.0,0,1
36422100301.0,0,1
36422100401.0,0,1
36422100501.0,0,1
36422100601.0,0,0
36422100701.0,0,1
36422100801.0,0,1
36422100901.0,0,1
36422101001.0,0,1
36422101201.0,0,1
36422101301.0,0,1
36422200101.0,0,1
36422200201.0,0,1
36422200301.0,0,0
36422200401.0,0,1
36422200501.0,0,0
36422200601.0,0,1
36422200701.0,0,1
36422200801.0,0,0
36422201001.0,0,1
36422201101.0,0,1
36422201201.0,0,1
36422201301.0,0,1
36422201401.0,0,1
36422201501.0,0,1
36422201701.0,0,1
36422201801.0,0,1
36422201901.0,0,1
36422202001.0,0,1
36422300101.0,0,0
36422300301.0,0,1
36422300601.0,0,1
36422300801.0,0,1
36422300901.0,0,1
36422301001.0,0,1
36422301101.0,0,1
36422301201.0,0,1
36422400101.0,0,1
36422400301.0,0,0
36422400401.0,0,1
36422400501.0,0,1
36422400601.0,0,1
36422400701.0,0,1
36422400901.0,0,1
36422401101.0,0,0
36422401201.0,0,1
36422401301.0,0,1
36422401401.0,0,1
36422401501.0,0,1
36422401601.0,0,1
36422401701.0,0,1
36422401801.0,0,1
36422401901.0,0,1
36422402001.0,0,0
36422402101.0,0,1
36422402201.0,0,1
36422402301.0,0,0
36422500101.0,0,1
36422500201.0,0,1
36422500301.0,0,1
36422500401.0,0,0
36422500501.0,0,1
36422500601.0,0,1
36422500701.0,0,1
36422500801.0,0,1
36422500901.0,0,1
36422501001.0,0,1
36422501101.0,0,1
36422501301.0,0,1
36422501501.0,0,1
36422501601.0,0,1
36422501701.0,0,1
36422501801.0,0,1
36422600101.0,0,1
36422600201.0,0,1
36422600301.0,0,1
36422600401.0,0,1
36422600501.0,0,1
36422600601.0,0,0
36422600701.0,0,1
36422600901.0,0,1
36422601001.0,0,1
36422601101.0,0,1
36422601301.0,0,1
36422601401.0,0,1
36422601501.0,0,1
36422601601.0,0,1
36422601701.0,0,1
36422601801.0,0,0
36422601901.0,0,1
36422602001.0,0,1
36422602101.0,0,1
36422700101.0,0,0
36422700201.0,0,1
36422700401.0,0,0
36422700601.0,0,1
36422700701.0,0,1
36422700801.0,0,0
36422700901.0,0,0
36422701001.0,0,0
36422701101.0,0,1
36422701201.0,0,1
36422701301.0,0,1
36422701401.0,0,1
36422800301.0,0,0
36422801101.0,0,0
36422801201.0,0,1
36422801301.0,0,1
36422802001.0,0,1
36422900101.0,0,1
36422900201.0,0,1
36422900301.0,0,0
36422900501.0,0,0
36422900601.0,0,1
36422900701.0,0,0
36422900901.0,0,1
36422901001.0,0,0
36423000201.0,0,1
36423000401.0,0,1
36423000403.0,0,0
36423000601.0,0,1
36423000701.0,0,1
36423000801.0,0,1
36423000901.0,0,1
36423001002.0,0,1
36423001101.0,0,0
36423001201.0,0,0
36423001301.0,0,1
36423001501.0,0,1
36423001901.0,0,0
36423002101.0,0,1
36423002201.0,0,1
36423100301.0,0,1
36423100401.0,0,0
36423100701.0,0,1
36423100801.0,0,0
36423100901.0,0,1
36423101001.0,0,0
36423101201.0,0,1
36423101301.0,0,1
36423200101.0,0,1
36423200201.0,0,1
36423200401.0,0,0
36423200501.0,0,1
36423200601.0,0,1
36423200701.0,0,0
36423200801.0,0,1
36423200901.0,0,1
36423201001.0,0,1
36423201101.0,0,1
36423201201.0,0,1
36423201301.0,0,1
36423201401.0,0,1
36423201501.0,0,0
36423201701.0,0,1
36423201801.0,0,1
36423202101.0,0,0
36423202301.0,0,0
36423300101.0,0,1
36423300201.0,0,1
36423300301.0,0,1
36423300401.0,0,1
36423300501.0,0,1
36423300701.0,0,1
36423300801.0,0,0
36423300901.0,0,0
36423301001.0,0,1
36423301101.0,0,1
36423301201.0,0,1
36423301301.0,0,1
36423400201.0,0,1
36423400701.0,0,1
36423400801.0,0,1
36423400901.0,0,1
36423401001.0,0,0
36423401401.0,0,0
36423401501.0,0,1
36423500101.0,0,1
36423500201.0,0,1
36423500301.0,0,1
36423500401.0,0,0
36423500501.0,0,0
36423500701.0,0,0
36423500801.0,0,1
36423500901.0,0,0
36423501001.0,0,1
36423501101.0,0,1
37110100101.0,0,1
37110100301.0,0,0
37110100401.0,0,1
37110100501.0,0,1
37110100601.0,0,1
37110100701.0,0,1
37110100801.0,0,1
37110100901.0,0,1
37110200101.0,0,1
37110200201.0,0,1
37110200301.0,0,1
37110200401.0,0,1
37110200501.0,0,1
37110200601.0,0,1
37110200701.0,0,1
37110200801.0,0,1
37110201001.0,0,1
37110201101.0,0,1
37110201201.0,0,1
37110201501.0,0,1
37110201601.0,0,1
37110201801.0,0,1
37110201901.0,0,1
37110202001.0,0,1
37110202201.0,0,1
37110300101.0,0,1
37110300201.0,0,1
37110300301.0,0,1
37110300401.0,0,1
37110300501.0,0,1
37110300601.0,0,1
37110300701.0,0,1
37110300801.0,0,1
37110300901.0,0,1
37110301001.0,0,1
37110301101.0,0,1
37110301201.0,0,1
37110301301.0,0,1
37110301401.0,0,1
37110301601.0,0,1
37110301701.0,0,1
37110301801.0,0,1
37110301901.0,0,1
37110302001.0,0,1
37110302101.0,0,0
37110302201.0,0,1
37110302301.0,0,1
37110302401.0,0,1
37110302501.0,0,1
37110302601.0,0,1
37110302701.0,0,1
37110400101.0,0,1
37110400201.0,0,1
37110400401.0,0,1
37110400501.0,0,1
37110400601.0,0,1
37110400701.0,0,1
37110400901.0,0,1
37110401001.0,0,1
37110401101.0,0,1
37110401301.0,0,1
37110401401.0,0,1
37110401501.0,0,1
37110401601.0,0,1
37110500101.0,0,1
37110500301.0,0,1
37110500401.0,0,1
37110500601.0,0,0
37110500701.0,0,0
37110500801.0,0,1
37110500901.0,0,1
37110501001.0,0,1
37110501101.0,0,1
37110501301.0,0,1
37110501401.0,0,1
37110501501.0,0,0
37110501601.0,0,0
37110501701.0,0,0
37110501801.0,0,1
37110502001.0,0,1
37110502101.0,0,1
37110502301.0,0,1
37110502401.0,0,1
37110502601.0,0,1
37110502701.0,0,1
37110502901.0,0,1
37110503001.0,0,1
37110503101.0,0,1
37110503301.0,0,1
37110503401.0,0,1
37110503501.0,0,1
37110503601.0,0,1
37110503801.0,0,1
37110503901.0,0,1
37110600101.0,0,1
37110600201.0,0,1
37110600301.0,0,1
37110600401.0,0,1
37110600501.0,0,1
37110600601.0,0,1
37110600701.0,0,1
37110600901.0,0,1
37110601001.0,0,1
37110601101.0,0,1
37110800101.0,0,0
37110800201.0,0,1
37110800301.0,0,1
37110800401.0,0,1
37110800501.0,0,1
37110800601.0,0,1
37110900201.0,0,1
37110900301.0,0,1
37110900501.0,0,0
37110900601.0,0,1
37110900701.0,0,1
37110900801.0,0,1
37110900901.0,0,1
37110901301.0,0,0
37111000101.0,0,1
37111000201.0,0,1
37111000301.0,0,1
37111000401.0,0,1
37111000501.0,0,1
37111300101.0,0,1
37111300201.0,0,1
37111300301.0,0,1
37111300401.0,0,1
37111300501.0,0,1
37111300701.0,0,1
37111300801.0,0,1
37111300901.0,0,1
37111301001.0,0,1
37111301101.0,0,1
37111301201.0,0,1
37111301301.0,0,1
37111500101.0,0,1
37111500201.0,0,1
37111500301.0,0,1
37111500401.0,0,1
37111500501.0,0,1
37111500601.0,0,1
37111500701.0,0,1
37111500801.0,0,1
37111500901.0,0,1
37111501001.0,0,1
37111501101.0,0,1
37111501201.0,0,0
37111501301.0,0,1
37111501401.0,0,1
37111501501.0,0,1
37111600101.0,0,1
37111600201.0,0,1
37111600301.0,0,1
37111600401.0,0,1
37111600501.0,0,1
37111600601.0,0,1
37111600701.0,0,1
37111600801.0,0,1
37111600901.0,0,1
37111601001.0,0,1
37111601101.0,0,1
37111601201.0,0,1
37111601301.0,0,1
37111601401.0,0,1
37111601501.0,0,1
37111601601.0,0,1
37111601701.0,0,1
37111601801.0,0,1
37111601901.0,0,1
37111602001.0,0,1
37111602101.0,0,1
37111602201.0,0,0
37111602401.0,0,1
37111602601.0,0,1
37111602701.0,0,0
37111602702.0,0,1
37111602801.0,0,1
37111602901.0,0,0
37111603001.0,0,0
37111603101.0,0,1
37111603201.0,0,1
37111603301.0,0,1
37111603401.0,0,1
37111603501.0,0,1
37111603601.0,0,1
37111700101.0,0,1
37111700201.0,0,1
37111700301.0,0,1
37111700401.0,0,1
37111700501.0,0,1
37111700601.0,0,1
37111700801.0,0,1
37111700901.0,0,1
37111800101.0,0,1
37111800201.0,0,1
37111800301.0,0,1
37111800401.0,0,1
37111800501.0,0,1
37111800601.0,0,1
37111800701.0,0,1
37111900101.0,0,1
37111900201.0,0,1
37111900301.0,0,1
37111900401.0,0,1
37111900501.0,0,1
37111900601.0,0,1
37111900701.0,0,1
37111900801.0,0,1
37111901001.0,0,1
37111901101.0,0,1
37111901201.0,0,1
37111901301.0,0,1
37111901401.0,0,1
37111901501.0,0,1
37111901601.0,0,1
37111901701.0,0,1
37111901801.0,0,1
37111901901.0,0,1
37111902001.0,0,1
37111902101.0,0,1
37111902201.0,0,1
37112100201.0,0,1
37112100301.0,0,1
37112100401.0,0,0
37112100501.0,0,1
37112100601.0,0,1
37112100801.0,0,1
37112100901.0,0,1
37112101001.0,0,1
37112101201.0,0,1
37112101301.0,0,1
37112101401.0,0,1
37112101501.0,0,1
37112101601.0,0,1
37112101701.0,0,0
37112101901.0,0,1
37112102001.0,0,1
37112102101.0,0,1
37112102201.0,0,1
37112102401.0,0,1
37112102501.0,0,1
37112102601.0,0,1
37112102701.0,0,0
37112102801.0,0,1
37112103001.0,0,1
37112103101.0,0,1
37112103201.0,0,1
37112103301.0,0,1
37112103401.0,0,0
37112103501.0,0,1
37112103601.0,0,1
37112103701.0,0,1
37112103801.0,0,1
37112103901.0,0,0
37112104101.0,0,1
37112104201.0,0,1
37112104301.0,0,1
37112104401.0,0,1
37112104501.0,0,1
37112300201.0,0,1
37112300301.0,0,1
37112300401.0,0,1
37112300601.0,0,1
37112300701.0,0,1
37112300901.0,0,1
37112301001.0,0,1
37112301101.0,0,0
37112301201.0,0,0
37112301301.0,0,1
37112301401.0,0,1
37112301501.0,0,1
37112301601.0,0,1
37112301701.0,0,1
37112301801.0,0,1
37112400101.0,0,0
37112400201.0,0,1
37112400401.0,0,0
37112400501.0,0,0
37112400601.0,0,1
37112400701.0,0,1
37112400801.0,0,0
37112400901.0,0,0
37112401001.0,0,1
37112401101.0,0,1
37112401201.0,0,1
37112401301.0,0,1
37112401401.0,0,0
37112401501.0,0,1
37112401601.0,0,0
37201200201.0,0,1
37201200301.0,0,0
37420100101.0,0,0
37420100201.0,0,1
37420100301.0,0,1
37420100401.0,0,1
37420100501.0,0,1
37420100601.0,0,1
37420100701.0,0,1
37420100801.0,0,1
37420100901.0,0,0
37420101001.0,0,0
37420101101.0,0,1
37420101201.0,0,1
37420101301.0,0,1
37420101401.0,0,1
37420101601.0,0,1
37420101701.0,0,1
37420200101.0,0,1
37420200201.0,0,1
37420200301.0,0,1
37420200401.0,0,1
37420200501.0,0,1
37420200601.0,0,1
37420200701.0,0,1
37420200801.0,0,1
37420200901.0,0,1
37420201001.0,0,1
37420201101.0,0,1
37420201201.0,0,1
37420201301.0,0,1
37420300701.0,0,1
37420400101.0,0,1
37420400301.0,0,1
37420400501.0,0,1
37420400701.0,0,1
37420400801.0,0,1
37420400901.0,0,0
37420401001.0,0,0
37420401101.0,0,1
37420401201.0,0,1
37420401501.0,0,1
37420401601.0,0,1
37420401801.0,0,1
37420401901.0,0,1
37420402002.0,0,1
37420402101.0,0,1
37420402201.0,0,1
37420402301.0,0,1
37420500101.0,0,1
37420500201.0,0,1
37420500401.0,0,0
37420500501.0,0,1
37420500601.0,0,1
37420500701.0,0,1
37420500801.0,0,1
37420500901.0,0,1
37420501101.0,0,1
37420501301.0,0,1
37420501401.0,0,0
37420600101.0,0,1
37420600201.0,0,0
37420600301.0,0,1
37420600401.0,0,1
37420600501.0,0,1
37420600601.0,0,1
37420600801.0,0,1
37420600901.0,0,1
37420601101.0,0,1
37420601201.0,0,1
37420700101.0,0,1
37420700201.0,0,1
37420700301.0,0,1
37420700401.0,0,0
37420700501.0,0,0
37420700701.0,0,1
37420700801.0,0,1
37420700901.0,0,1
37420701001.0,0,1
37420701101.0,0,0
37420701201.0,0,1
37420701301.0,0,1
37420800201.0,0,1
37420800702.0,0,0
37420800703.0,0,1
37420800801.0,0,1
37420800901.0,0,1
37420801201.0,0,1
37420900101.0,0,1
37420900201.0,0,1
37420900401.0,0,0
37420900501.0,0,1
37420900701.0,0,1
37420900801.0,0,1
37420901101.0,0,1
37420901401.0,0,1
37420901801.0,0,1
37420901901.0,0,1
37420902001.0,0,1
37420902101.0,0,1
37420902301.0,0,1
37421000101.0,0,1
37421000201.0,0,1
37421000301.0,0,1
37421000401.0,0,1
37421000501.0,0,1
37421000701.0,0,1
37421000801.0,0,1
37421001001.0,1,1
37421001101.0,0,1
41110100101.0,0,1
41110100201.0,0,1
41110100301.0,0,1
41110100401.0,0,1
41110100501.0,0,1
41110100601.0,0,1
41110100701.0,0,1
41110100801.0,0,1
41110100901.0,0,0
41110101001.0,0,1
41110101101.0,0,1
41110101201.0,0,1
41110200101.0,0,1
41110200201.0,0,0
41110200301.0,0,1
41110200501.0,0,1
41110200601.0,0,1
41110200701.0,0,1
41110200801.0,0,1
41110201001.0,0,0
41110201501.0,0,1
41110201601.0,0,1
41110201701.0,0,1
41110201801.0,0,0
41110201901.0,0,1
41110202001.0,0,1
41110202101.0,0,1
41110202201.0,0,1
41110202301.0,0,1
41110202401.0,0,1
41110202501.0,0,1
41110202601.0,0,0
41110202701.0,0,1
41110202801.0,0,1
41110202901.0,0,0
41110203001.0,0,1
41110203101.0,0,1
41110300101.0,0,1
41110300201.0,0,1
41110300301.0,0,1
41110300401.0,0,1
41110300501.0,0,1
41110300601.0,0,1
41110300701.0,0,0
41110300801.0,0,1
41110300901.0,0,1
41110301001.0,0,0
41110301501.0,0,1
41110400101.0,0,1
41110400201.0,0,0
41110400401.0,0,1
41110400501.0,0,1
41110400601.0,0,0
41110400701.0,0,1
41110400801.0,0,0
41110400901.0,0,0
41110401001.0,0,0
41110401101.0,0,0
41110401201.0,0,0
41110401301.0,0,0
41110401401.0,0,0
41110401501.0,0,0
41110401601.0,0,1
41110401701.0,0,1
41110401801.0,0,1
41110401901.0,0,0
41110402001.0,0,1
41110402101.0,0,1
41110402201.0,0,1
41110402401.0,0,0
41110402501.0,0,1
41110402601.0,0,1
41110402701.0,0,1
41110402801.0,0,1
41110500101.0,0,1
41110500201.0,0,1
41110500301.0,0,1
41110500401.0,0,1
41110500501.0,0,1
41110500601.0,0,1
41110500801.0,0,1
41110500901.0,0,1
41110501001.0,0,1
41110501101.0,0,1
41110501301.0,0,1
41110600101.0,0,1
41110600201.0,0,1
41110600401.0,0,1
41110600501.0,0,1
41110600601.0,0,0
41110600801.0,0,0
41110601001.0,0,1
41110601101.0,0,0
41110601201.0,0,0
41110601401.0,0,1
41110601501.0,0,1
41110601701.0,0,1
41110601801.0,0,1
41110602201.0,0,1
41110602301.0,0,1
41110602401.0,0,0
41110602501.0,0,1
41110602801.0,0,1
41110800101.0,0,0
41110800201.0,0,1
41110800301.0,0,0
41110800401.0,0,1
41110800501.0,0,0
41110800601.0,0,0
41110800701.0,0,1
41110800801.0,0,1
41110800901.0,0,1
41110801001.0,0,0
41110801101.0,0,1
41110801201.0,0,1
41110801301.0,0,0
41110801401.0,0,1
41110801501.0,0,0
41110801601.0,0,0
41110801701.0,0,0
41110801801.0,0,0
41110802001.0,0,0
41110802101.0,0,0
41110802201.0,0,0
41110900101.0,0,1
41110900201.0,0,0
41110900401.0,0,0
41110900601.0,0,0
41110900701.0,0,0
41110900801.0,0,1
41110900901.0,0,0
41110901001.0,0,1
41110901101.0,0,1
41110901201.0,0,0
41110901401.0,0,1
41111000101.0,0,0
41111000201.0,0,0
41111000301.0,0,0
41111000401.0,0,0
41111000501.0,0,0
41111000601.0,0,0
41111000701.0,0,1
41111000801.0,0,1
41111000901.0,0,1
41111001001.0,0,1
41111001301.0,0,1
41111001401.0,0,0
41111001501.0,0,1
41111001601.0,0,1
41111100201.0,0,1
41111100301.0,0,1
41111100401.0,0,1
41111100501.0,0,0
41111100601.0,0,1
41111100701.0,0,1
41111100801.0,0,0
41111100901.0,0,1
41111101001.0,0,1
41111101101.0,0,1
41111101201.0,0,1
41111101301.0,0,1
41111101401.0,0,0
41111101501.0,0,1
41111101601.0,0,1
41111101701.0,0,0
41111101801.0,0,1
41111101901.0,0,1
41111102001.0,0,1
41111102201.0,0,1
41111200101.0,0,0
41111200201.0,0,0
41111200301.0,0,0
41111200401.0,0,0
41111200701.0,0,0
41111200901.0,0,1
41111201201.0,0,0
41111201301.0,0,1
41111201401.0,0,1
41111201501.0,0,0
41111201601.0,0,1
41111201701.0,0,1
41111201801.0,0,1
41111201901.0,0,1
41111202101.0,0,1
41111202201.0,0,0
41111202301.0,0,0
41111202401.0,0,1
41111202501.0,0,1
41111202502.0,0,1
41111202701.0,0,0
41111202901.0,0,0
41111203101.0,0,0
41111203301.0,0,0
41111203401.0,0,0
41111203501.0,0,1
41111203601.0,0,1
41111203801.0,0,1
41111203901.0,0,1
41111204001.0,0,0
41111204101.0,0,1
41111500101.0,0,1
41111500201.0,0,1
41111500501.0,0,1
41111500601.0,0,1
41111500801.0,0,1
41111700101.0,0,1
41111700201.0,0,1
41111700301.0,0,1
41111700401.0,0,1
41111800101.0,0,0
41111800201.0,0,1
41111800301.0,0,1
41111800401.0,0,1
41111800501.0,0,1
41111800601.0,0,1
41111800701.0,0,1
41111800801.0,0,1
41111800901.0,0,1
41111801001.0,0,1
41111801101.0,0,1
41111801201.0,0,1
41111801301.0,0,1
41111801401.0,0,1
41111801501.0,0,1
41111801601.0,0,1
41111801701.0,0,1
41111801801.0,0,1
41111801901.0,0,1
41111802001.0,0,1
41111802101.0,0,1
41111802201.0,0,1
41111802301.0,0,1
41111802401.0,0,1
41111802501.0,0,1
41111802601.0,0,1
41111802701.0,0,0
41111802801.0,0,1
41111802901.0,0,1
41111803001.0,0,1
41111900101.0,0,1
41111900201.0,0,1
41111900301.0,0,1
41111900401.0,0,1
41111900501.0,0,1
41111900601.0,0,1
41111900801.0,0,1
41111900901.0,0,1
41111901001.0,0,1
41111901101.0,0,1
41111901201.0,0,1
41111901301.0,0,1
41111901401.0,0,1
41111901601.0,0,1
41111901701.0,0,1
41111901801.0,0,1
41111901901.0,0,1
41111902001.0,0,1
41111902101.0,0,1
41111902201.0,0,1
41111902301.0,0,1
41111902401.0,0,1
41111902501.0,0,1
41111902601.0,0,1
41111902701.0,0,1
41111902801.0,0,1
41111902901.0,0,1
41111903001.0,0,1
41112000101.0,0,1
41112000201.0,0,1
41112000301.0,0,1
41112000501.0,0,1
41112000601.0,0,1
41112000801.0,0,1
41112001001.0,0,1
41112001101.0,0,1
41112001201.0,0,1
41112001301.0,0,1
41112001401.0,0,1
41112001501.0,0,1
41112001601.0,0,1
41112001701.0,0,1
41112001801.0,0,1
41112001901.0,0,1
41112002101.0,0,1
41112002301.0,0,1
41112002401.0,0,1
41112002501.0,0,1
41112002601.0,0,1
41112002701.0,0,1
41112002801.0,0,1
41112002901.0,0,1
41112003001.0,0,1
41112003101.0,0,1
41112100101.0,0,1
41112100201.0,0,1
41112100301.0,0,1
41112100401.0,0,0
41112100501.0,0,0
41112100601.0,0,1
41112100701.0,0,1
41112100801.0,0,1
41112100901.0,0,1
41112101001.0,0,1
41112200301.0,0,1
41112200401.0,0,1
41112200501.0,0,1
41112200701.0,0,1
41112200801.0,0,1
41112201001.0,0,1
41112201101.0,0,1
41112201201.0,0,1
41112201301.0,0,1
41112201401.0,0,1
41112201501.0,0,1
41112201601.0,0,1
41112201801.0,0,0
41112201901.0,0,1
41112202001.0,0,1
41112202101.0,0,1
41112202201.0,0,1
41112202301.0,0,0
41112202401.0,0,1
41112400101.0,0,0
41112400201.0,0,1
41112400301.0,0,1
41112400401.0,0,1
41112400501.0,0,1
41112400601.0,0,1
41112400701.0,0,1
41112400801.0,0,1
41112400901.0,0,1
41112401001.0,0,0
41112401101.0,0,1
41201300101.0,0,1
41201300201.0,0,1
41201300301.0,0,1
41201300302.0,0,1
41201300501.0,0,1
41201600101.0,0,1
41201600201.0,0,1
41201600301.0,0,1
41201600501.0,0,1
41201600601.0,0,1
41201600701.0,0,1
41201600801.0,0,1
41202300101.0,0,1
41202300201.0,0,1
41202300901.0,0,1
41202301001.0,0,1
41202301101.0,0,1
41202301201.0,0,1
41202301202.0,0,1
41420100201.0,0,1
41420100401.0,0,1
41420100601.0,0,1
41420100801.0,0,1
41420101001.0,0,1
41420101101.0,0,0
41420101201.0,0,1
41420102001.0,0,1
41420102201.0,0,0
41420102301.0,0,0
41420200201.0,0,1
41420200501.0,0,1
41420200601.0,0,0
41420201301.0,0,1
41420201401.0,0,1
41420201501.0,0,1
41420201801.0,0,1
41420202301.0,0,1
41420202401.0,0,1
41420300101.0,0,1
41420300201.0,0,1
41420300301.0,0,1
41420300401.0,0,1
41420300501.0,0,1
41420300701.0,0,1
41420300801.0,0,1
41420301001.0,0,1
41420301101.0,0,1
41420301201.0,0,1
41420301301.0,0,1
41420400101.0,0,1
41420400201.0,0,1
41420400301.0,0,1
41420400401.0,0,1
41420400501.0,0,1
41420400701.0,0,1
41420400801.0,0,1
41420400901.0,0,1
41420401001.0,0,1
41420401002.0,0,1
41420401201.0,0,1
41420401401.0,0,0
41420401701.0,0,1
41420500101.0,0,1
41420500801.0,0,1
41420501001.0,0,1
41420501701.0,0,1
41420600501.0,0,1
41420600702.0,0,1
41420601401.0,0,1
41420601801.0,0,1
41420602001.0,0,1
41420602101.0,0,1
41420602301.0,0,1
42110100101.0,0,1
42110100201.0,0,1
42110100301.0,0,1
42110100401.0,0,1
42110100501.0,0,1
42110100601.0,0,1
42110100701.0,0,0
42110100801.0,0,1
42110100901.0,0,1
42110200101.0,0,1
42110200201.0,0,1
42110200301.0,0,1
42110200401.0,0,1
42110200701.0,0,1
42110200801.0,0,1
42110200901.0,0,1
42110201401.0,0,1
42110201501.0,0,1
42110201601.0,0,1
42110201701.0,0,1
42110201801.0,0,1
42110202001.0,0,1
42110202101.0,0,1
42110202201.0,0,1
42110202301.0,0,1
42110202401.0,0,1
42110202501.0,0,1
42110202601.0,0,1
42110202701.0,0,1
42110202801.0,0,1
42110203001.0,0,1
42110203101.0,0,1
42110203201.0,0,1
42110203401.0,0,0
42110400101.0,0,1
42110400201.0,0,1
42110400301.0,0,1
42110400401.0,0,1
42110500101.0,0,1
42110500201.0,0,1
42110500301.0,0,1
42110500401.0,0,1
42110500501.0,0,1
42110500601.0,0,0
42110500701.0,0,1
42110500801.0,0,0
42110500901.0,0,1
42110501001.0,0,1
42110700101.0,0,1
42110700201.0,0,1
42110700301.0,0,1
42110700401.0,0,1
42110700501.0,0,1
42110700601.0,0,1
42110700701.0,0,1
42110700801.0,0,1
42110701201.0,0,1
42110701301.0,0,1
42110701401.0,0,1
42110701501.0,0,1
42110800101.0,0,0
42110800201.0,0,1
42110800301.0,0,1
42110800501.0,0,1
42110800601.0,0,1
42110800701.0,0,1
42110800801.0,0,1
42110800901.0,0,1
42110801001.0,0,1
42110801101.0,0,1
42110801201.0,0,1
42110801301.0,0,1
42110801401.0,0,1
42110801501.0,0,1
42110900101.0,0,1
42110900301.0,0,1
42111200101.0,0,1
42111200201.0,0,0
42111200301.0,0,1
42111200401.0,0,1
42111200501.0,0,1
42111200601.0,0,1
42111200701.0,0,1
42111200801.0,0,1
42111200901.0,0,1
42111201001.0,0,1
42111201101.0,0,1
42111201201.0,0,1
42111201301.0,0,1
42111201501.0,0,1
42111201601.0,0,1
42111201701.0,0,1
42111201801.0,0,1
42111202101.0,0,1
42111202301.0,0,0
42111202401.0,0,1
42111202601.0,0,1
42111202701.0,0,0
42111202702.0,0,0
42111202801.0,0,1
42111202901.0,0,1
42111203001.0,0,1
42111203101.0,0,1
42111203201.0,0,1
42111203301.0,0,1
42111203401.0,0,1
42111203501.0,0,1
42111203601.0,0,1
42111203701.0,0,1
42111203801.0,0,1
42111203901.0,0,1
42111204001.0,0,1
42111204101.0,0,1
42111204201.0,0,1
42111204401.0,0,0
42111204501.0,0,1
42111204601.0,0,1
42111300101.0,0,1
42111300201.0,0,0
42111300301.0,0,1
42111300401.0,0,1
42111300501.0,0,0
42111300601.0,0,1
42111300701.0,0,1
42111300801.0,0,1
42111300901.0,0,1
42111301001.0,0,1
42111301101.0,0,1
42111301201.0,0,1
42111400101.0,0,1
42111400201.0,0,1
42111400301.0,0,1
42111400401.0,0,1
42111400601.0,0,1
42111400702.0,0,1
42111400801.0,0,1
42111400901.0,0,1
42111401001.0,0,1
42111401201.0,0,1
42111401301.0,0,1
42111401401.0,0,1
42111401501.0,0,0
42111401601.0,0,1
42111401801.0,0,1
42111401901.0,0,1
42111402001.0,0,1
42111402101.0,0,1
42111402301.0,0,1
42111402401.0,0,1
42111402501.0,0,1
42111402601.0,0,1
42111500201.0,0,1
42111500401.0,0,1
42111500501.0,0,1
42111500601.0,0,1
42111500701.0,0,1
42111500801.0,0,1
42111500901.0,0,1
42111501001.0,0,1
42111501101.0,0,1
42111501201.0,0,1
42111501301.0,0,1
42111501401.0,0,1
42111501501.0,0,1
42111501601.0,0,1
42111501701.0,0,1
42111501801.0,0,1
42111501901.0,0,1
42111502001.0,0,1
42111502101.0,0,1
42111502201.0,0,1
42111502401.0,0,1
42111600101.0,0,1
42111600301.0,0,1
42111600401.0,0,1
42111600501.0,0,1
42111600601.0,0,1
42111600701.0,0,1
42111600801.0,0,1
42111600901.0,0,1
42111601001.0,0,1
42111601101.0,0,1
42111601201.0,0,1
42111700101.0,0,1
42111700201.0,0,1
42111700301.0,0,1
42111700401.0,0,1
42111700501.0,0,1
42111700601.0,0,1
42111700701.0,0,1
42111700801.0,0,1
42111700901.0,0,1
42111701101.0,0,1
42111701201.0,0,1
42111701301.0,0,1
42111701401.0,0,1
42111800101.0,0,1
42111800201.0,0,1
42111800301.0,0,1
42111800401.0,0,1
42111800501.0,0,1
42111800601.0,0,1
42111800701.0,0,1
42111800801.0,0,1
42111800901.0,0,1
42111801101.0,0,1
42111801301.0,0,1
42111801401.0,0,1
42111801601.0,0,1
42111801701.0,0,1
42111801901.0,0,1
42111802001.0,0,1
42111900101.0,0,1
42111900201.0,0,1
42111900401.0,0,1
42111900501.0,0,1
42111900601.0,0,1
42111900701.0,0,1
42111900901.0,0,1
42111901001.0,0,1
42111901101.0,0,1
42111901201.0,0,1
42111901301.0,0,1
42111901401.0,0,1
42111901501.0,0,1
42111901601.0,0,1
42111901701.0,0,1
42111901801.0,0,1
42111901901.0,0,1
42111902001.0,0,1
42111902101.0,0,1
42112000101.0,0,1
42112000201.0,0,1
42112000301.0,0,1
42112000401.0,0,1
42112000501.0,0,1
42112000601.0,0,1
42112000701.0,0,1
42112000801.0,0,1
42112001101.0,0,1
42112001201.0,0,0
42112001301.0,0,1
42112001401.0,0,1
42112001501.0,0,1
42112001601.0,0,1
42112001801.0,0,1
42112200101.0,0,1
42112200201.0,0,1
42112200301.0,0,1
42112200501.0,0,1
42112200601.0,0,1
42112200701.0,0,1
42112200801.0,0,1
42112200901.0,0,1
42112201001.0,0,1
42112201101.0,0,1
42112201201.0,0,1
42112300101.0,0,1
42112300201.0,0,1
42112300301.0,0,1
42112300401.0,0,0
42112300501.0,0,1
42112300601.0,0,1
42112300701.0,0,1
42112300801.0,0,1
42112300901.0,0,1
42112301001.0,0,1
42112301101.0,0,1
42112301201.0,0,1
42112301601.0,0,1
42112400101.0,0,1
42112400201.0,0,1
42112400301.0,0,1
42112400401.0,0,1
42112400501.0,0,1
42112400601.0,0,1
42112400701.0,0,1
42112400801.0,0,1
42112401001.0,0,1
42112401201.0,0,1
42112401301.0,0,1
42112401401.0,0,1
42200300101.0,0,1
42200300301.0,0,1
42201000101.0,1,1
42201000201.0,0,1
42201000301.0,0,1
42201100301.0,0,1
42201100401.0,0,1
42201100501.0,0,1
42201100601.0,0,1
42201100801.0,0,1
42201100901.0,0,1
42201101001.0,0,1
42201101101.0,0,1
42201101201.0,0,1
42420100101.0,0,1
42420100201.0,0,1
42420100401.0,0,1
42420100501.0,0,1
42420100601.0,0,1
42420100701.0,0,1
42420100801.0,0,1
42420100901.0,0,1
42420101001.0,0,1
42420101101.0,0,1
42420101201.0,0,1
42420101301.0,0,1
42420101401.0,0,1
42420101501.0,0,1
42420200101.0,0,1
42420200301.0,0,1
42420200501.0,0,1
42420200801.0,0,1
42420200901.0,0,0
42420201001.0,0,1
42420201002.0,0,0
42420201004.0,0,1
42420201101.0,0,1
42420201301.0,0,1
42420301001.0,0,1
42420301401.0,0,1
42420400301.0,0,1
42420400401.0,0,1
42420400501.0,0,1
42420400601.0,0,1
42420400702.0,0,1
42420400801.0,0,1
42420500201.0,0,0
42420500501.0,0,1
42420500701.0,0,1
42420600101.0,0,1
42420600201.0,0,1
42420600301.0,0,1
42420600401.0,0,1
42420600501.0,0,0
42420600601.0,0,1
42420600701.0,0,0
42420600801.0,0,1
42420600901.0,0,1
42420601001.0,0,1
42420601101.0,0,0
42420601201.0,0,1
42420601301.0,0,1
42420601401.0,0,1
42420601501.0,0,0
42420601601.0,0,1
42420601701.0,0,0
42420601801.0,0,1
42420601901.0,0,0
42420602001.0,0,1
42420602101.0,0,1
43110100101.0,0,1
43110100201.0,0,1
43110100301.0,0,1
43110100401.0,0,1
43110100501.0,0,1
43110100601.0,0,1
43110100701.0,0,1
43110100801.0,0,1
43110100901.0,0,1
43110101001.0,0,1
43110101101.0,0,1
43110101201.0,0,1
43110101301.0,0,0
43110101401.0,0,1
43110101501.0,0,1
43110101801.0,0,1
43110101901.0,0,1
43110102001.0,0,1
43110400101.0,0,1
43110400201.0,0,1
43110400301.0,0,1
43110400401.0,0,1
43110400501.0,0,1
43110400601.0,0,1
43110400701.0,0,1
43110400801.0,0,1
43110400901.0,0,1
43110401001.0,0,1
43110401101.0,0,1
43110401201.0,0,1
43110401301.0,0,1
43110401401.0,0,1
43110401501.0,0,1
43110401601.0,0,1
43110401701.0,0,1
43110401801.0,0,1
43110401901.0,0,1
43110402001.0,0,1
43110500201.0,0,1
43110500301.0,0,1
43110500401.0,0,1
43110500501.0,0,1
43110500601.0,0,1
43110500701.0,0,1
43110500801.0,0,1
43110500901.0,0,1
43110501001.0,0,1
43110501101.0,0,1
43110501201.0,0,1
43110501301.0,0,1
43110501401.0,0,1
43110501501.0,0,1
43110501601.0,0,1
43110501701.0,0,1
43110501801.0,0,1
43110501901.0,0,1
43110502101.0,0,1
43110502201.0,0,1
43110502301.0,0,1
43110502401.0,0,1
43110502501.0,0,1
43110502601.0,0,0
43110502701.0,0,1
43110502801.0,0,1
43110502901.0,0,1
43110503001.0,0,1
43110503101.0,0,0
43110503201.0,0,1
43110503401.0,0,0
43110503501.0,0,1
43110503601.0,0,1
43110503701.0,0,0
43110503801.0,0,1
43110503901.0,0,1
43110504001.0,0,1
43110504101.0,0,1
43110504201.0,0,1
43110504301.0,0,1
43110504401.0,0,1
43110504501.0,0,1
43110504701.0,0,1
43110504801.0,0,1
43110505001.0,0,1
43110600101.0,0,1
43110600201.0,0,1
43110600301.0,0,1
43110600401.0,0,1
43110600501.0,0,0
43110600601.0,0,0
43110600701.0,0,1
43110700101.0,0,1
43110700201.0,0,0
43110700301.0,0,1
43110700401.0,0,1
43110700501.0,0,1
43110700601.0,0,1
43110700701.0,0,1
43110700801.0,0,1
43110700901.0,0,1
43110701001.0,0,0
43110701101.0,0,0
43110701201.0,0,1
43110701301.0,0,1
43110701401.0,0,1
43110701501.0,0,1
43110701601.0,0,1
43110701701.0,0,0
43110701801.0,0,1
43110701901.0,0,1
43110702001.0,0,1
43110702101.0,0,0
43110900101.0,0,0
43110900201.0,0,1
43110900301.0,0,1
43110900401.0,0,1
43110900501.0,0,1
43110900601.0,0,1
43110900801.0,0,1
43110900901.0,0,1
43110901001.0,0,0
43110901101.0,0,0
43110901201.0,0,0
43110901301.0,0,1
43110901401.0,0,1
43110901601.0,0,0
43110901701.0,0,0
43110901801.0,0,1
43110901901.0,0,1
43110902001.0,0,1
43110902101.0,0,1
43110902201.0,0,1
43110902301.0,0,0
43110902401.0,0,1
43110902501.0,0,0
43110902601.0,0,1
43110902801.0,0,0
43110902901.0,0,1
43111100301.0,0,1
43111100401.0,0,0
43111100501.0,0,1
43111100601.0,0,1
43111100701.0,0,1
43111100801.0,0,1
43111100901.0,0,1
43111101101.0,0,1
43111101201.0,0,1
43111101301.0,0,0
43111101401.0,0,1
43111101501.0,0,1
43111101601.0,0,1
43111101701.0,0,1
43111101801.0,0,1
43111101901.0,0,1
43111102001.0,0,1
43111102101.0,0,1
43111102201.0,0,1
43111102301.0,0,1
43111102401.0,0,1
43111102501.0,0,1
43111203001.0,0,1
43111203101.0,0,1
43111203201.0,0,0
43111203401.0,0,1
43111203701.0,0,0
43111203801.0,0,1
43111203901.0,0,1
43111204001.0,0,1
43111204201.0,0,1
43111204401.0,0,1
43111204601.0,0,1
43111204701.0,0,1
43111204801.0,0,0
43111204901.0,0,1
43111205001.0,0,1
43111205101.0,0,1
43111205201.0,0,1
43111205701.0,0,1
43111205801.0,0,0
43111205901.0,0,0
43111205902.0,0,1
43111206101.0,0,1
43111206201.0,0,0
43111206301.0,0,1
43111206401.0,0,0
43111206602.0,0,1
43111206701.0,0,0
43111206801.0,0,0
43111207201.0,0,1
43111207301.0,0,1
43111207601.0,0,1
43111207902.0,0,1
43111208103.0,0,1
43111400101.0,0,1
43111400201.0,0,1
43111400301.0,0,1
43111400401.0,0,1
43111400501.0,0,0
43111400601.0,0,1
43111400701.0,0,0
43111400801.0,0,1
43111400901.0,0,1
43111401001.0,0,1
43111401101.0,0,0
43111401201.0,0,0
43111401301.0,0,0
43111401401.0,0,1
43111401601.0,0,1
43111401701.0,0,1
43111401801.0,0,1
43111401901.0,0,1
43111402001.0,0,1
43111402101.0,0,1
43111402201.0,0,1
43111402301.0,0,1
43111402401.0,0,1
43111402501.0,0,1
43111402601.0,0,1
43111402701.0,0,1
43111402801.0,0,1
43111403001.0,0,0
43111403101.0,0,1
43111403201.0,0,1
43111403301.0,0,1
43111403401.0,0,1
43111500101.0,0,1
43111500201.0,0,0
43111500301.0,0,1
43111500401.0,0,0
43111500402.0,0,0
43111500501.0,0,0
43111500601.0,0,1
43111500701.0,0,1
43111500801.0,0,1
43111500901.0,0,1
43111501001.0,0,1
43111501101.0,0,1
43111501201.0,0,1
43111501301.0,0,0
43111501401.0,0,1
43111501501.0,0,1
43111501601.0,0,1
43111501701.0,0,1
43111501801.0,0,1
43111501901.0,0,0
43111502001.0,0,0
43111502101.0,0,1
43111502201.0,0,0
43111502301.0,0,1
43111502401.0,0,1
43111600101.0,0,0
43111600201.0,0,0
43111600301.0,0,1
43111600401.0,0,1
43111600601.0,0,1
43111600701.0,0,0
43111600801.0,0,1
43111600901.0,0,1
43111601001.0,0,0
43111601101.0,0,1
43111601201.0,0,0
43111601301.0,0,1
43111601401.0,0,1
43111601501.0,0,1
43111700101.0,0,0
43111800101.0,0,0
43111800201.0,0,1
43111800301.0,0,1
43111800401.0,0,1
43111800501.0,0,1
43111800601.0,0,0
43111900101.0,0,0
43112000101.0,0,0
43112000201.0,0,0
43112000301.0,0,0
43112000401.0,0,1
43112000501.0,0,0
43112000601.0,0,1
43112000701.0,0,0
43112000801.0,0,0
43112000901.0,0,1
43112001101.0,0,1
43112001201.0,0,1
43112001301.0,0,0
43112001401.0,0,0
43112001501.0,0,0
43112001601.0,0,0
43112001701.0,0,0
43112001801.0,0,1
43112002001.0,0,1
43112002101.0,0,0
43112002201.0,0,1
43112002401.0,0,1
43112002501.0,0,0
43112002601.0,0,1
43112002701.0,0,1
43112002801.0,0,0
43112002901.0,0,1
43112003001.0,0,0
43112003101.0,0,1
43112003201.0,0,0
43112003301.0,0,1
43112003401.0,0,0
43112003501.0,0,1
43112003601.0,0,1
43112003701.0,0,1
43112003801.0,0,1
43112003901.0,0,1
43112004001.0,0,0
43112004101.0,0,0
43112004201.0,0,0
43112004301.0,0,0
43112004401.0,0,1
43112004501.0,0,1
43112004601.0,0,0
43112004701.0,0,0
43112004801.0,0,1
43112004901.0,0,1
43112005001.0,0,0
43112005101.0,0,1
43112005201.0,0,1
43112005301.0,0,1
43112005401.0,0,0
43112005601.0,0,0
43112005701.0,0,1
43112005801.0,0,1
43112005901.0,0,0
43112006001.0,0,0
43112006101.0,0,0
43112006201.0,0,1
43112006301.0,0,0
43112006401.0,0,0
43112006501.0,0,1
43112006601.0,0,0
43112006701.0,0,1
43112006801.0,0,0
43112006901.0,0,0
43112200101.0,0,0
43112200201.0,0,1
43112200301.0,0,1
43112200401.0,0,1
43201000101.0,0,1
43410100403.0,0,0
43410101001.0,0,1
43410101101.0,0,0
43410101201.0,0,0
43410101301.0,0,1
43410101501.0,0,1
43410101601.0,0,0
43410102101.0,0,0
43410102201.0,0,1
43410102401.0,0,0
43410102501.0,0,0
43410102701.0,0,0
43410103201.0,0,1
43410103401.0,0,0
43410103501.0,0,0
43410103601.0,0,1
43410103801.0,0,1
43410104001.0,0,1
43410104101.0,0,1
43410104201.0,0,1
43410104301.0,0,1
43410104501.0,0,0
43410104801.0,0,1
43410105302.0,0,0
43410105401.0,0,1
43410200801.0,0,0
43410201601.0,0,1
43410202001.0,0,1
43410202501.0,0,0
43410202602.0,0,0
43410202701.0,0,1
43410202901.0,0,1
43410203301.0,0,1
43410203701.0,0,1
43410204301.0,0,1
43410204401.0,0,0
43410204702.0,0,1
43410204801.0,0,1
43410204901.0,0,1
43410205201.0,0,1
43410205401.0,0,0
43410300101.0,0,0
43410300301.0,0,1
43410300401.0,0,1
43410300701.0,0,0
43410300801.0,0,1
43410300901.0,0,0
43410301001.0,0,1
43410301101.0,0,1
43410301201.0,0,1
43410301301.0,0,0
43410301401.0,0,0
43410301601.0,0,0
43410301801.0,0,1
43410302401.0,0,0
43410302702.0,0,0
43410302901.0,0,1
43410303003.0,0,0
43410303101.0,0,1
43410303201.0,0,1
43410303401.0,0,0
43410303501.0,0,1
43410303601.0,0,1
43410303901.0,0,1
43410304001.0,0,1
43410304301.0,0,0
43410304401.0,0,1
43410304601.0,0,1
43410304801.0,0,0
43410304901.0,0,1
43410305101.0,0,1
43410305201.0,0,0
43410305601.0,0,0
43410305701.0,0,0
43410305901.0,0,0
43410306002.0,0,0
43410306101.0,0,1
43410306301.0,0,0
43410306402.0,0,1
43410306601.0,0,1
43410306701.0,0,1
43410306702.0,0,0
43410306801.0,0,1
43410306901.0,0,0
43410307001.0,0,0
43410307002.0,0,0
43410307101.0,0,0
43410307201.0,0,0
43410307401.0,0,1
43410307701.0,0,0
43410307901.0,1,1
43410308001.0,0,0
43410400101.0,0,1
43410400301.0,0,1
43410401501.0,0,0
43410401601.0,0,0
43410402001.0,0,1
43410402002.0,0,0
43410402101.0,0,0
43410402201.0,0,0
43410402301.0,0,0
43410402501.0,0,0
43410402701.0,0,0
43410403102.0,0,0
43410403201.0,0,0
43410403301.0,0,1
43410404201.0,0,1
43410501801.0,0,0
43410501802.0,0,1
43410502602.0,0,1
43410503401.0,0,1
43410504001.0,0,1
43410504601.0,0,1
43410505001.0,0,1
43410505901.0,0,0
43410600301.0,0,0
43410600401.0,0,0
43410600501.0,0,0
43410600801.0,0,1
43410600901.0,0,0
43410601001.0,0,1
43410601201.0,0,1
43410601301.0,0,1
43410601401.0,0,1
43410601501.0,0,1
43410601601.0,0,1
43410601801.0,0,0
43410602001.0,0,1
43410602101.0,0,0
43410602401.0,0,0
43410602501.0,0,1
43410602701.0,0,0
43410602801.0,0,1
43410602901.0,0,1
43410603001.0,0,0
43410603101.0,0,1
43410603201.0,0,1
43410603501.0,0,0
43410603701.0,0,1
43410603901.0,0,1
43410604001.0,0,0
43410604101.0,0,1
43410604201.0,0,1
43410604501.0,0,1
43410604601.0,0,1
43410604701.0,0,0
43410605101.0,0,1
43410605301.0,0,1
43410605501.0,0,1
43410605601.0,0,1
43410605801.0,0,0
43410605901.0,0,0
43410606101.0,0,0
43410606201.0,0,1
43410606301.0,0,0
43420700201.0,0,1
43420700301.0,0,1
43420700501.0,0,0
43420700601.0,0,1
43420700702.0,0,1
43420701101.0,0,1
43420701201.0,0,1
43420701401.0,0,1
43420701501.0,0,1
43420701601.0,0,0
43420701701.0,0,1
43420701801.0,0,0
43420701901.0,0,1
43420702001.0,0,1
43420702101.0,0,1
43420702202.0,0,1
43420800101.0,0,1
43420800201.0,0,1
43420800501.0,0,1
43420800801.0,0,1
43420800901.0,0,1
43420801101.0,0,1
43420801401.0,0,1
43420801501.0,0,1
43420801601.0,0,0
43420801801.0,0,1
43420801901.0,0,1
43420802101.0,0,1
43420802102.0,0,1
43420900201.0,0,1
43420900301.0,0,0
43420901201.0,0,1
43420901401.0,0,1
43421000201.0,0,0
43421000301.0,0,1
43421000401.0,0,1
43421000502.0,0,1
43421000601.0,0,1
43421001001.0,0,0
43421001101.0,0,1
43421001102.0,0,1
43421001201.0,0,1
43421001301.0,0,1
43421001401.0,0,1
43421001501.0,0,1
43421001601.0,0,1
43421001701.0,0,1
43421001801.0,0,1
43421100101.0,0,1
43421100201.0,0,1
43421100301.0,0,1
43421100401.0,0,1
43421100701.0,0,1
43421100801.0,0,1
43421100901.0,0,1
43421100902.0,0,1
43421101101.0,0,1
43421101201.0,0,1
43421101301.0,0,1
43421101501.0,0,1
43421200501.0,0,0
43421201101.0,0,0
43421201301.0,0,0
43421201404.0,0,1
43421201501.0,0,0
43421201601.0,0,1
43421201801.0,0,0
43421201901.0,0,1
43421202001.0,0,1
43421202101.0,0,0
43421202201.0,0,1
43421202301.0,0,1
43421202401.0,0,1
43421300101.0,0,1
43421300201.0,0,1
43421300301.0,0,1
43421300401.0,0,1
43421300501.0,0,1
43421300601.0,0,1
43421300701.0,0,0
43421300801.0,0,1
43421300901.0,0,1
43421301001.0,0,1
43421301101.0,0,1
43421301201.0,0,1
43421301301.0,0,1
43421301401.0,0,0
43421400101.0,0,0
43421400201.0,0,0
43421400301.0,0,0
43421400501.0,0,0
43421400601.0,0,0
43421400701.0,0,1
43421400801.0,0,1
43421401001.0,0,1
43421401101.0,0,1
43421401201.0,0,0
43421401301.0,0,0
43421401401.0,0,0
43421500101.0,0,1
43421500201.0,0,0
43421500301.0,0,0
43421500401.0,0,0
43421500501.0,0,1
43421500701.0,0,1
43421500702.0,0,1
43421500801.0,0,0
43421500901.0,0,1
43421501001.0,0,1
43421501101.0,0,0
43421501201.0,0,0
43421501301.0,0,1
43421501401.0,0,1
43421600101.0,0,1
43421600301.0,0,1
43421600401.0,0,1
43421600501.0,0,1
43421600601.0,0,1
43421600701.0,0,0
43421600801.0,0,0
43421600901.0,0,1
43421601101.0,0,0
43421601201.0,0,0
43421601401.0,0,1
43421601501.0,0,0
43421601701.0,0,1
43421601801.0,0,1
43421700101.0,0,0
43421700201.0,0,0
43421700301.0,0,1
43421700401.0,0,0
43421700501.0,0,1
43421700601.0,0,1
43421700701.0,0,1
43421700801.0,0,0
43421700901.0,0,1
43421701101.0,0,1
43421701201.0,0,1
43421701401.0,0,1
43421800101.0,0,0
43421800201.0,0,1
43421800301.0,0,1
43421800401.0,0,1
43421800501.0,0,1
43421800701.0,0,0
43421800801.0,0,0
43421801101.0,0,1
43421801201.0,0,1
43421900101.0,0,0
43421900201.0,0,0
43421900301.0,0,0
43421900401.0,0,0
43421900601.0,0,1
43421900901.0,0,0
43421901001.0,0,1
43421901101.0,0,1
43421901201.0,0,0
43421901301.0,0,1
43421901501.0,0,1
43421901601.0,0,0
43421901701.0,0,1
43421901801.0,0,1
43422000101.0,0,0
43422000201.0,0,1
43422000401.0,0,0
43422000601.0,0,1
43422000701.0,0,0
43422000801.0,0,1
43422000901.0,0,1
43422001001.0,0,0
43422001101.0,0,1
43422001201.0,0,0
43422001301.0,0,0
43422001401.0,0,1
43422001501.0,0,1
43422001601.0,0,0
43422001701.0,0,0
44110100101.0,0,1
44110100201.0,0,1
44110100301.0,0,1
44110100401.0,0,1
44110100501.0,0,1
44110100601.0,0,1
44110100701.0,0,1
44110100801.0,0,1
44110101101.0,0,1
44110101201.0,0,1
44110101401.0,0,1
44110101501.0,0,1
44110101601.0,0,1
44110101701.0,0,1
44110101801.0,0,1
44110101901.0,0,0
44110102001.0,0,0
44110102101.0,0,1
44110102201.0,0,1
44110102401.0,0,1
44110102501.0,0,1
44110102601.0,0,1
44110102701.0,0,1
44110102801.0,0,1
44110102901.0,0,1
44110103101.0,0,1
44110103301.0,0,1
44110103401.0,0,1
44110103501.0,0,1
44110103601.0,0,1
44110103701.0,0,1
44110103801.0,0,1
44110103901.0,0,1
44110104001.0,0,1
44110200201.0,0,1
44110200301.0,0,1
44110200401.0,0,1
44110200501.0,0,1
44110200601.0,0,1
44110200701.0,0,1
44110200901.0,0,1
44110201001.0,0,1
44110300301.0,0,1
44110300401.0,0,1
44110300501.0,0,1
44110300601.0,0,1
44110300901.0,0,0
44110301001.0,0,1
44110301101.0,0,1
44110301201.0,0,1
44110301301.0,0,1
44110301401.0,0,0
44110301501.0,0,1
44110301601.0,0,1
44110301701.0,0,1
44110301801.0,0,1
44110301901.0,0,1
44110302001.0,0,1
44110302101.0,0,0
44110302201.0,0,1
44110302301.0,0,1
44110302401.0,0,1
44110302501.0,0,1
44110302701.0,0,1
44110400101.0,0,1
44110400201.0,0,1
44110400301.0,0,0
44110400401.0,0,1
44110400601.0,0,1
44110400701.0,0,1
44110400801.0,0,1
44110400901.0,0,1
44110401101.0,0,1
44110401201.0,0,1
44110401301.0,0,0
44110401401.0,0,1
44110401501.0,0,1
44110401601.0,0,1
44110401701.0,0,1
44110401801.0,0,1
44110401901.0,0,1
44110402001.0,0,0
44110402101.0,0,1
44110402201.0,0,1
44110402301.0,0,1
44110600101.0,0,0
44110600201.0,0,1
44110600301.0,0,1
44110600401.0,0,1
44110700101.0,0,1
44110700201.0,0,1
44110700301.0,0,1
44110700501.0,0,1
44110700601.0,0,0
44110700701.0,0,1
44110700801.0,0,1
44110700901.0,0,1
44110701001.0,0,1
44110800701.0,0,1
44110800801.0,0,1
44110800901.0,0,0
44110801001.0,0,1
44110801101.0,0,1
44110801201.0,0,0
44110801301.0,0,1
44110801401.0,0,1
44110801501.0,0,1
44110801601.0,0,1
44111100101.0,0,1
44111100201.0,0,1
44111100401.0,0,1
44111100501.0,0,1
44111100601.0,0,1
44111100701.0,0,1
44111100801.0,0,1
44111100901.0,0,1
44111101001.0,0,1
44111101201.0,0,1
44111101501.0,0,0
44111101601.0,0,1
44111101701.0,0,1
44111101801.0,0,0
44111101901.0,0,1
44111102001.0,0,1
44111102201.0,0,1
44111102301.0,0,1
44111102501.0,0,1
44111102601.0,0,1
44111102701.0,0,1
44111102801.0,0,1
44111102901.0,0,1
44111103001.0,0,1
44111103101.0,0,1
44111103201.0,0,1
44111103401.0,0,1
44111103701.0,0,1
44111103901.0,0,1
44111200101.0,0,1
44111300101.0,0,1
44111300201.0,0,1
44111300301.0,0,0
44111300401.0,0,1
44111300501.0,0,1
44111300601.0,0,1
44111300701.0,0,0
44111400101.0,0,1
44111400401.0,0,0
44111400501.0,0,1
44111400601.0,0,1
44111400701.0,0,1
44111401101.0,0,1
44111401201.0,0,1
44111401501.0,0,0
44111401601.0,0,1
44111401701.0,0,0
44111401801.0,0,1
44111401901.0,0,1
44111402001.0,0,1
44111402101.0,0,1
44111402201.0,0,1
44111402301.0,0,1
44111402401.0,0,0
44111402501.0,0,1
44111402601.0,0,0
44111402701.0,0,1
44111402901.0,0,0
44111403001.0,0,1
44111403301.0,0,1
44111403401.0,0,1
44111403501.0,0,1
44111403601.0,0,0
44111403701.0,0,0
44111403901.0,0,1
44111404101.0,0,0
44111404301.0,0,0
44111404401.0,0,1
44111404501.0,0,0
44111404601.0,0,1
44111404701.0,0,1
44111405001.0,0,1
44111405101.0,0,1
44111405201.0,0,1
44111405401.0,0,1
44111405601.0,0,0
44111405701.0,0,1
44111405801.0,0,1
44111405901.0,0,1
44111406001.0,0,1
44111406101.0,0,1
44111406201.0,0,1
44111406301.0,0,1
44111406401.0,0,0
44111406601.0,0,1
44111406701.0,0,1
44111500101.0,0,1
44111500201.0,0,1
44111500301.0,0,0
44111500401.0,0,1
44111500501.0,0,1
44111500601.0,0,1
44111500701.0,0,1
44111500801.0,0,1
44111501001.0,0,1
44111501101.0,0,0
44111501201.0,0,1
44111501401.0,0,1
44111501501.0,0,1
44111501601.0,0,1
44111501701.0,0,1
44111501801.0,0,0
44111501901.0,0,0
44111502001.0,0,1
44111502101.0,0,1
44111502201.0,0,1
44111502301.0,0,1
44111502501.0,0,1
44111502601.0,0,1
44111502701.0,0,0
44111502801.0,0,1
44111502901.0,0,1
44111503001.0,0,1
44111503101.0,0,1
44111503201.0,0,0
44111503301.0,0,0
44111503501.0,0,1
44111600101.0,0,0
44111600201.0,0,0
44111600301.0,0,0
44111600501.0,0,1
44111600801.0,0,0
44111600901.0,0,0
44111601001.0,0,0
44111601101.0,0,0
44111601201.0,0,1
44111601301.0,0,0
44111601401.0,0,0
44111601501.0,0,0
44111601601.0,0,1
44111601701.0,0,1
44111601801.0,0,0
44111601901.0,0,0
44111602001.0,0,0
44111602101.0,0,1
44111602201.0,0,1
44111602301.0,0,1
44111602401.0,0,1
44111602601.0,0,0
44111602701.0,0,0
44111602801.0,0,0
44111603001.0,0,1
44111603201.0,0,0
44111603301.0,0,0
44111603401.0,0,1
44111700101.0,0,1
44111700201.0,0,1
44111700301.0,0,1
44111700401.0,0,0
44111700501.0,0,0
44111700601.0,0,1
44111700701.0,0,1
44111700801.0,0,1
44111700901.0,0,1
44111701001.0,0,1
44111701101.0,0,1
44111701201.0,0,1
44111800101.0,0,1
44111800201.0,0,1
44111800301.0,0,1
44111800501.0,0,0
44111800601.0,0,1
44111800801.0,0,0
44111801001.0,0,1
44111801101.0,0,1
44111801201.0,0,1
44111801301.0,0,0
44111801401.0,0,1
44111801501.0,0,1
44111801601.0,0,0
44111801801.0,0,1
44111801901.0,0,1
44111802001.0,0,1
44111802301.0,0,1
44111802401.0,0,1
44111802501.0,0,0
44111802701.0,0,1
44111802801.0,0,0
44111802901.0,0,0
44111803201.0,0,1
44111803301.0,0,1
44111803501.0,0,0
44111803601.0,0,0
44111803701.0,0,1
44111803801.0,0,0
44111803901.0,0,0
44111804001.0,0,1
44111804101.0,0,0
44111804201.0,0,0
44111804301.0,0,0
44111804401.0,0,1
44111804501.0,0,1
44111804601.0,0,1
44111804701.0,0,0
44111804801.0,0,1
44111804901.0,0,1
44111805001.0,0,1
44111805101.0,0,0
44111900101.0,0,1
44111900201.0,0,1
44111900301.0,0,1
44111900501.0,0,1
44111900601.0,0,1
44111900701.0,0,1
44111900901.0,0,1
44111901001.0,0,1
44111901101.0,0,1
44111901201.0,0,1
44111901301.0,0,1
44111901401.0,0,1
44111901501.0,0,1
44111901601.0,0,1
44111901701.0,0,1
44112000101.0,0,1
44112000301.0,0,1
44112000501.0,0,1
44112000601.0,0,0
44112000701.0,0,0
44112000801.0,0,0
44112001001.0,0,1
44112001101.0,0,1
44112001201.0,0,1
44112100101.0,0,1
44112100301.0,0,1
44112100401.0,0,1
44112100501.0,0,1
44112100601.0,0,1
44112100701.0,0,1
44112100801.0,0,1
44112100901.0,0,1
44112101001.0,0,0
44112101101.0,0,1
44112101201.0,0,1
44112101301.0,0,1
44112101501.0,0,1
44112101601.0,0,1
44112101701.0,0,1
44112101801.0,0,1
44112101901.0,0,1
44112102001.0,0,1
44112102101.0,0,1
44112102201.0,0,1
44112102301.0,0,1
44112102401.0,0,1
44112102501.0,0,1
44112300101.0,0,1
44112300201.0,0,1
44112400101.0,0,0
44112400201.0,0,1
44112400301.0,0,1
44112400401.0,0,1
44112400501.0,0,1
44112400601.0,0,1
44112400801.0,0,0
44112400901.0,0,1
44112401001.0,0,1
44112401101.0,0,0
44112401201.0,0,1
44202200101.0,0,1
44420100101.0,0,1
44420100201.0,0,1
44420100301.0,0,1
44420100401.0,0,1
44420100601.0,0,1
44420100701.0,0,1
44420100801.0,0,1
44420100901.0,0,1
44420101001.0,0,0
44420101101.0,0,1
44420101201.0,0,1
44420101301.0,0,1
44420101401.0,0,1
44420101501.0,0,0
44420101701.0,0,1
44420200101.0,0,0
44420200201.0,0,0
44420200301.0,0,0
44420200401.0,0,1
44420200501.0,0,0
44420200601.0,0,1
44420200801.0,0,1
44420200901.0,0,1
44420201001.0,0,0
44420201101.0,0,1
44420201201.0,0,1
44420201301.0,0,1
44420201401.0,0,1
44420201501.0,0,1
44420201601.0,0,1
44420201701.0,0,0
44420300401.0,0,1
44420300501.0,0,1
44420300701.0,0,1
44420300801.0,0,1
44420301201.0,0,1
44420301301.0,0,1
44420301701.0,0,0
44420301801.0,0,0
44420301901.0,0,1
44420302001.0,0,1
44420302201.0,0,1
44420302501.0,0,0
44420302601.0,0,1
44420400101.0,0,0
44420400102.0,0,1
44420400303.0,0,1
44420400701.0,0,0
44420400801.0,0,0
44420401101.0,0,1
44420401301.0,0,1
44420500101.0,0,0
44420500401.0,0,1
44420500501.0,0,1
44420500601.0,0,0
44420500701.0,0,0
44420500801.0,0,0
44420502001.0,0,1
44420600101.0,0,1
44420600201.0,0,1
44420600301.0,0,1
44420600401.0,0,1
44420600501.0,0,0
44420600601.0,0,0
44420600701.0,0,1
44420600801.0,0,0
44420600901.0,0,1
44420601001.0,0,1
44420601101.0,0,0
44420601201.0,0,1
44420601301.0,0,1
44420601401.0,0,0
44420601601.0,0,0
44420700101.0,0,0
44420700201.0,0,0
44420700301.0,0,0
44420700501.0,0,0
44420700601.0,0,0
44420700801.0,0,1
44420700901.0,0,1
44420701101.0,0,0
44420701301.0,0,0
44420701401.0,0,0
44420701501.0,0,0
44420701601.0,0,0
44420800101.0,0,1
44420800201.0,0,1
44420800501.0,0,1
44420800801.0,0,1
44420801001.0,0,1
44420801101.0,0,1
44420801201.0,0,1
44420801401.0,0,1
44420801801.0,0,0
44420801901.0,0,1
44420802101.0,0,1
44420900101.0,0,0
44420900501.0,0,1
44420900601.0,0,1
44420900701.0,0,0
44420900901.0,0,0
44420901001.0,0,0
44420901201.0,0,1
44420901401.0,0,1
44420901601.0,0,0
44420901701.0,0,0
44420901801.0,0,1
44421000101.0,0,0
44421000301.0,0,1
44421000401.0,0,0
44421000501.0,0,0
44421000601.0,0,1
44421000701.0,0,0
44421000801.0,0,1
44421001001.0,0,0
44421001101.0,0,1
44421001201.0,0,1
44421001301.0,0,1
45110100101.0,0,1
45110100201.0,0,1
45110100301.0,0,1
45110100401.0,0,1
45110100501.0,0,1
45110100601.0,0,1
45110100701.0,0,1
45110200101.0,0,1
45110200301.0,0,0
45110200401.0,0,1
45110200601.0,0,1
45110200701.0,0,1
45110200801.0,0,1
45110200901.0,0,1
45110201001.0,0,1
45110201101.0,0,1
45110201201.0,0,1
45110201301.0,0,1
45110201501.0,0,0
45110201601.0,0,1
45110201701.0,0,1
45110300101.0,0,1
45110300201.0,0,1
45110300301.0,0,1
45110300401.0,0,1
45110300501.0,0,1
45110300601.0,0,1
45110300701.0,0,1
45110300801.0,0,1
45110300901.0,0,1
45110301001.0,0,1
45110301101.0,0,1
45110301201.0,0,1
45110301301.0,0,1
45110400101.0,0,1
45110400201.0,0,1
45110400301.0,0,1
45110400501.0,0,1
45110400601.0,0,1
45110400701.0,0,1
45110400801.0,0,1
45110400901.0,0,1
45110401101.0,0,1
45110401201.0,0,1
45110401601.0,0,1
45110600301.0,0,0
45110600401.0,0,1
45110600601.0,0,1
45110600701.0,0,1
45110600801.0,0,1
45110600901.0,0,1
45110601001.0,0,1
45110601101.0,0,1
45110601201.0,0,1
45110601301.0,0,1
45110601401.0,0,1
45110601501.0,0,1
45110601601.0,0,0
45110601701.0,0,1
45110601801.0,0,1
45110601901.0,0,1
45110602001.0,0,1
45110800101.0,0,1
45110800201.0,0,1
45110800301.0,0,1
45110800401.0,0,1
45110800501.0,0,1
45110800601.0,0,1
45110800701.0,0,1
45110800801.0,0,1
45110800901.0,0,1
45110801001.0,0,1
45110801101.0,0,1
45110801201.0,0,0
45110801301.0,0,0
45110801501.0,0,1
45110801601.0,0,1
45110801701.0,0,1
45111100101.0,0,1
45111100201.0,0,1
45111100301.0,0,1
45111100401.0,0,1
45111100501.0,0,1
45111100601.0,0,1
45111100801.0,0,1
45111200101.0,0,1
45111200201.0,0,1
45111200301.0,0,1
45111200401.0,0,1
45111200501.0,0,1
45111200701.0,0,1
45111201101.0,0,1
45111201201.0,0,1
45111201301.0,0,0
45111201401.0,0,1
45111201501.0,0,1
45111201601.0,0,1
45111201701.0,0,1
45111201801.0,0,1
45111201901.0,0,0
45111202001.0,0,1
45111202101.0,0,1
45111202201.0,0,1
45111202301.0,0,0
45111202401.0,0,1
45111202501.0,0,1
45111202601.0,0,1
45111202701.0,0,1
45111202801.0,0,1
45111202901.0,0,1
45111203001.0,0,1
45111203101.0,0,1
45111203201.0,0,1
45111203301.0,0,1
45111203401.0,0,1
45111203501.0,0,1
45111203601.0,0,0
45111203801.0,0,1
45111203901.0,0,1
45111204001.0,0,1
45111204101.0,0,1
45111204201.0,0,1
45111204301.0,0,1
45111204501.0,0,1
45111204601.0,0,1
45111300101.0,0,1
45111300201.0,0,1
45111300301.0,0,1
45111300401.0,0,0
45111300501.0,0,1
45111300601.0,0,0
45111300701.0,0,1
45111300801.0,0,1
45111300901.0,0,1
45111301001.0,0,1
45111301201.0,0,1
45111301301.0,0,1
45111301401.0,0,1
45111301501.0,0,0
45111301601.0,0,1
45111301701.0,0,0
45111301801.0,0,1
45111301901.0,0,1
45111302001.0,0,1
45111302101.0,0,1
45111302201.0,0,1
45111302301.0,0,1
45111302401.0,0,1
45111400101.0,0,1
45111400201.0,0,1
45111400301.0,0,1
45111400401.0,0,1
45111400501.0,0,0
45111400601.0,0,1
45111400701.0,0,1
45111400801.0,0,1
45111500101.0,0,0
45111500201.0,0,0
45111500301.0,0,1
45111500401.0,0,1
45111500501.0,0,1
45111500601.0,0,1
45111500701.0,0,1
45111500801.0,0,1
45111500901.0,0,1
45111501001.0,0,1
45111501101.0,0,1
45111501201.0,0,1
45111501301.0,0,1
45111501401.0,0,1
45111501501.0,0,1
45111501601.0,0,1
45111600101.0,0,1
45111600201.0,0,1
45111600501.0,0,1
45111600601.0,0,1
45111600701.0,0,0
45111600801.0,0,1
45111600901.0,0,1
45111601101.0,0,1
45111601201.0,0,1
45111601301.0,0,1
45111601401.0,0,1
45111601501.0,0,1
45111601601.0,0,1
45111601701.0,0,1
45111601801.0,0,1
45111601901.0,0,1
45111602001.0,0,1
45111700201.0,0,1
45111700301.0,0,1
45111700401.0,0,1
45111700501.0,0,1
45111700601.0,0,1
45111700701.0,0,0
45111800101.0,0,1
45111800201.0,0,1
45111800301.0,0,1
45111800401.0,0,1
45111800501.0,0,1
45111800601.0,0,1
45111800701.0,0,1
45111800801.0,0,1
45111800901.0,0,1
45111801001.0,0,1
45111801101.0,0,0
45111801201.0,0,1
45111801301.0,0,0
45111801401.0,0,1
45111801501.0,0,0
45111801601.0,0,1
45111900301.0,0,1
45111900401.0,0,1
45111900501.0,0,1
45111900801.0,0,1
45111900901.0,0,1
45112000101.0,0,1
45112000201.0,0,1
45112000401.0,0,1
45112000601.0,0,1
45112000701.0,0,1
45112000901.0,0,1
45112001001.0,0,1
45112001101.0,0,1
45112001301.0,0,1
45112001401.0,0,1
45112001501.0,0,1
45112001601.0,0,1
45112001801.0,0,1
45112001901.0,0,1
45112002001.0,0,0
45112002101.0,0,1
45112002301.0,0,1
45112002401.0,0,1
45112002601.0,0,1
45112100201.0,0,1
45112100301.0,0,1
45112100401.0,0,1
45112100601.0,0,1
45112100701.0,0,1
45112100801.0,0,1
45112100901.0,0,1
45112101001.0,0,1
45112101101.0,0,1
45112101201.0,0,1
45112101301.0,0,1
45112101401.0,0,1
45112101501.0,0,1
45112101601.0,0,1
45112101701.0,0,1
45112101901.0,0,1
45112102001.0,0,1
45112102101.0,0,1
45112200101.0,0,1
45112200201.0,0,1
45112200301.0,0,1
45112200401.0,0,1
45112200501.0,0,1
45112200601.0,0,0
45112200701.0,0,1
45112200901.0,0,1
45112201001.0,0,1
45112201101.0,0,1
45112201201.0,0,1
45112201301.0,0,1
45112201401.0,0,1
45112201501.0,0,1
45112201601.0,0,1
45112201701.0,0,1
45112201801.0,0,1
45112201901.0,0,1
45112202001.0,0,1
45112202201.0,0,1
45112202301.0,0,1
45112202401.0,0,1
45112202501.0,0,1
45112202601.0,0,0
45112202701.0,0,0
45112202801.0,0,1
45112202901.0,0,1
45112203001.0,0,1
45112203101.0,0,1
45112203201.0,0,1
45112300101.0,0,1
45112300201.0,0,0
45112300301.0,0,0
45112300302.0,0,1
45112300401.0,0,1
45112300501.0,0,1
45112301001.0,0,1
45112301201.0,0,1
45112301301.0,0,0
45112301401.0,0,1
45112301501.0,0,1
45112301601.0,0,1
45112301701.0,0,1
45112301801.0,0,1
45112301901.0,0,1
45112302001.0,0,1
45112302101.0,0,1
45112302201.0,0,1
45112302301.0,0,1
45112302401.0,0,1
45112302501.0,0,1
45112400601.0,0,1
45112400701.0,0,1
45112400801.0,0,1
45112400901.0,0,1
45112401101.0,0,1
45112401301.0,0,1
45112401401.0,0,1
45112401501.0,0,1
45112401701.0,0,1
45112401801.0,0,1
45112401901.0,0,1
45112402001.0,0,0
45112402101.0,0,1
45112402201.0,0,1
45112402301.0,0,1
45112402401.0,0,1
45200700101.0,1,0
45410100101.0,0,1
45410100601.0,0,1
45410100701.0,0,1
45410100801.0,0,0
45410100901.0,0,1
45410101301.0,0,1
45410103801.0,0,1
45410103901.0,0,1
45410104101.0,0,1
45410104301.0,0,1
45410104501.0,0,1
45410104701.0,0,1
45410104901.0,0,1
45410105001.0,0,1
45410105201.0,0,1
45410105301.0,0,1
45410105601.0,0,1
45410106201.0,0,0
45410106801.0,0,1
45410107101.0,0,1
45410107301.0,0,1
45410107901.0,0,0
45410108101.0,0,1
45410108201.0,0,0
45410108401.0,0,0
45410200201.0,0,1
45410200301.0,0,1
45410200601.0,0,0
45410200701.0,0,1
45410201001.0,0,1
45410201101.0,0,1
45410201407.0,0,1
45410201501.0,0,1
45410201601.0,0,1
45410201801.0,0,1
45410201901.0,0,1
45410202001.0,0,1
45410202002.0,0,0
45410202101.0,0,1
45410202201.0,0,1
45410202301.0,0,1
45410202401.0,0,1
45410202601.0,0,1
45410202801.0,0,1
45410203201.0,0,1
45410203601.0,0,1
45410203701.0,0,1
45410203801.0,0,1
45410204101.0,0,1
45410204301.0,0,1
45410204501.0,0,1
45410204701.0,0,1
45410204801.0,0,1
45410205301.0,0,0
45410205501.0,0,1
45410205901.0,0,0
45410206001.0,0,1
45410206101.0,0,1
45410206102.0,0,0
45410206301.0,0,1
45410206804.0,0,1
45420300101.0,0,1
45420300201.0,0,1
45420300301.0,0,1
45420300401.0,0,1
45420300601.0,0,1
45420300701.0,0,1
45420300801.0,0,1
45420300901.0,0,1
45420301001.0,0,1
45420301201.0,0,1
45420301301.0,0,1
45420301401.0,0,1
45420400101.0,1,1
45420400201.0,0,1
45420400301.0,0,1
45420400401.0,0,1
45420400601.0,0,1
45420400701.0,0,1
45420400801.0,0,1
45420400901.0,0,1
45420401001.0,0,1
45420401101.0,0,1
45420401301.0,0,1
45420401401.0,0,1
45420401601.0,0,1
45420500101.0,1,1
45420500301.0,0,1
45420500401.0,0,1
45420500601.0,0,1
45420500701.0,0,0
45420500901.0,0,1
45420501001.0,0,1
45420501201.0,0,1
45420600101.0,0,1
45420600201.0,0,0
45420600301.0,0,1
45420600601.0,0,1
45420600701.0,0,0
45420600801.0,0,1
45420600901.0,0,1
45420601001.0,0,1
45420601201.0,0,1
45420601301.0,0,1
45420601401.0,0,1
45420700101.0,0,1
45420700301.0,0,1
45420700401.0,0,1
45420700601.0,0,1
45420700701.0,0,1
45420700801.0,0,1
45420700901.0,0,1
45420701101.0,0,1
45420701201.0,0,1
45420701401.0,0,1
45420800101.0,0,1
45420800201.0,0,1
45420800301.0,0,1
45420800401.0,0,1
45420800501.0,0,1
45420800601.0,0,1
45420800701.0,0,1
45420800801.0,0,1
45420800901.0,0,1
45420801001.0,0,0
45420801101.0,0,1
45420801301.0,0,1
45420801401.0,0,1
45420801501.0,0,1
45420801601.0,0,1
45420801701.0,0,1
45420801801.0,0,1
45420900401.0,0,1
45420901001.0,0,1
45420901701.0,0,1
45420901801.0,0,0
45420902101.0,0,1
45420902201.0,0,1
45420902301.0,0,1
45420902401.0,0,1
45420902501.0,0,1
45420902601.0,0,1
45420902701.0,0,1
45420903001.0,0,1
45421000101.0,0,1
45421000201.0,0,1
45421000301.0,0,1
45421000401.0,0,1
45421000501.0,0,1
45421000601.0,0,1
45421000801.0,0,1
45421000901.0,0,0
45421001001.0,0,1
45421001101.0,0,1
45421001201.0,0,1
45421001301.0,0,1
45421001401.0,0,1
45421001501.0,0,1
45421001601.0,0,1
45421001701.0,0,1
45421001801.0,0,1
45421002001.0,0,1
45421100101.0,0,0
45421100201.0,0,1
45421100401.0,0,1
45421100501.0,0,1
45421100601.0,0,1
45421100701.0,0,1
45421100801.0,0,1
45421101001.0,0,1
45421101101.0,0,1
45421101301.0,0,1
45421101401.0,0,1
45421101501.0,0,1
45421101601.0,0,0
45421200101.0,0,1
45421200401.0,0,1
45421200501.0,0,1
45421200701.0,0,1
45421200801.0,0,1
45421200901.0,0,1
45421201001.0,0,0
45421201101.0,0,1
45421201301.0,0,0
45421201401.0,0,1
45421201501.0,0,1
45421201601.0,0,1
45421201701.0,0,1
45421201801.0,0,1
45421300101.0,0,1
45421300201.0,0,1
45421300401.0,0,1
45421300501.0,0,1
45421300701.0,0,1
45421300801.0,0,1
45421301001.0,0,1
45421301101.0,0,1
45421301201.0,0,1
45421301301.0,0,1
45421301401.0,0,1
45421301501.0,0,1
45421400201.0,0,0
45421400301.0,0,1
45421400401.0,0,0
45421400501.0,0,1
45421400601.0,0,0
45421400701.0,0,1
45421400801.0,0,1
45421400901.0,0,1
45421401001.0,0,1
45421401201.0,0,1
51110200101.0,0,1
51110200201.0,0,1
51110200301.0,0,1
51110200401.0,0,1
51110200501.0,0,1
51110200601.0,0,1
51110200701.0,0,0
51110200801.0,0,1
51110200901.0,0,1
51110300101.0,0,1
51110400101.0,0,0
51110400201.0,0,1
51110400301.0,0,1
51110400501.0,0,0
51110400601.0,0,0
51110700101.0,0,1
51110800101.0,0,1
51110800301.0,0,1
51110800701.0,0,0
51110800801.0,0,1
51111000101.0,0,1
51111000201.0,0,1
51111000301.0,0,0
51111000401.0,0,1
51111000501.0,0,1
51111000601.0,0,0
51111000701.0,0,1
51111000801.0,0,1
51111000901.0,0,1
51111001001.0,0,1
51111001101.0,0,1
51111001201.0,0,1
51111001401.0,0,0
51111001501.0,0,1
51111001701.0,0,1
51111001801.0,0,0
51111001901.0,0,0
51111002101.0,0,0
51111002201.0,0,0
51111100101.0,0,1
51111100201.0,0,0
51111100301.0,0,1
51111100401.0,0,1
51111200101.0,0,1
51111200201.0,0,1
51111200301.0,0,1
51111200401.0,0,1
51111200501.0,0,1
51111200701.0,0,1
51111300101.0,0,1
51111300201.0,0,1
51111300401.0,0,1
51111300501.0,0,0
51111300701.0,0,0
51111300801.0,0,0
51111500101.0,0,1
51111500201.0,0,1
51111500401.0,0,1
51111500501.0,0,1
51111500601.0,0,1
51111500701.0,0,0
51111500801.0,0,0
51111501001.0,0,1
51111501301.0,0,1
51111501401.0,0,1
51111501601.0,0,1
51111501701.0,0,1
51111501801.0,0,1
51111501901.0,0,1
51111600101.0,0,1
51111600201.0,0,1
51111600301.0,0,0
51111600401.0,0,0
51111600501.0,0,1
51111600601.0,0,1
51111700101.0,0,1
51111700201.0,0,1
51111700301.0,0,1
51111700401.0,0,1
51111700601.0,0,1
51111700801.0,0,1
51111900101.0,0,0
51111900201.0,0,0
51111900301.0,0,1
51111900401.0,0,0
51111900501.0,0,1
51111900601.0,0,1
51111900701.0,0,1
51111900801.0,0,1
51112100101.0,0,1
51112100201.0,0,0
51112100301.0,0,1
51112100401.0,0,1
51112100501.0,0,0
51112100701.0,0,1
51112100801.0,0,0
51112100901.0,0,1
51112101001.0,0,1
51112101201.0,0,1
51112101301.0,0,1
51112101501.0,0,1
51112101901.0,0,1
51112102001.0,0,1
51112102101.0,0,1
51112102201.0,0,1
51112102301.0,0,1
51112200101.0,0,1
51112200102.0,0,0
51112200103.0,0,1
51112200301.0,0,0
51112200501.0,0,0
51112200601.0,0,1
51112201101.0,0,0
51112201201.0,0,1
51112201401.0,0,0
51112201501.0,0,1
51112300101.0,0,1
51112300301.0,0,1
51112300401.0,0,1
51112300501.0,0,0
51112300601.0,0,1
51112300801.0,0,1
51112300901.0,0,1
51112301001.0,0,1
51112301101.0,0,1
51112301601.0,0,1
51112301801.0,0,0
51112301901.0,0,0
51112301903.0,0,0
51112302101.0,0,1
51112302401.0,0,1
51112302501.0,0,1
51112302601.0,0,1
51112302701.0,0,1
51112302801.0,0,0
51112302901.0,0,1
51112303001.0,0,1
51112303101.0,0,1
51112303201.0,0,1
51112303301.0,0,0
51112303401.0,0,0
51112303501.0,0,0
51112400101.0,0,1
51112400201.0,0,0
51112400301.0,0,1
51112400401.0,0,0
51112400501.0,0,0
51112400601.0,0,0
51112400701.0,0,1
51112401101.0,0,0
51112401201.0,0,1
51112401301.0,0,1
51112401501.0,0,0
51112401601.0,0,0
51112401701.0,0,1
51112401801.0,0,1
51112401901.0,0,1
51112402001.0,0,1
51112402101.0,0,1
51112402501.0,0,1
51112402601.0,0,1
51112402701.0,0,1
51112402801.0,0,1
51112402901.0,0,0
51112403001.0,0,1
51112403101.0,0,1
51112403201.0,0,1
51112403401.0,0,1
51112403501.0,0,0
51112403601.0,0,1
51112403701.0,0,1
51112403801.0,0,1
51112404101.0,0,1
51112500101.0,0,1
51112500201.0,0,1
51112500202.0,0,1
51112500301.0,0,0
51112600201.0,0,0
51112600301.0,0,1
51112600501.0,0,1
51112900101.0,0,1
51113000101.0,0,1
51113000201.0,0,0
51113000301.0,0,1
51113000401.0,0,1
51113000501.0,0,0
51113000601.0,0,1
51113000701.0,0,0
51113000801.0,0,1
51113000901.0,0,1
51113001001.0,0,1
51113001101.0,0,1
51113001201.0,0,1
51113001401.0,0,1
51113001501.0,0,0
51113001601.0,0,0
51113001701.0,0,0
51113001901.0,0,1
51113002001.0,0,1
51113002101.0,0,1
51113002201.0,0,0
51113002301.0,0,0
51113002401.0,0,0
51113002501.0,0,1
51113100101.0,0,1
51113100501.0,0,0
51113100601.0,0,0
51113100701.0,0,1
51113101101.0,0,1
51113101301.0,0,0
51113101401.0,0,1
51113101501.0,0,0
51113101601.0,0,1
51113101701.0,0,1
51113101901.0,0,1
51113102001.0,0,0
51113102201.0,0,1
51113102301.0,0,1
51113102401.0,0,0
51113102601.0,0,1
51113102701.0,0,1
51113102801.0,0,0
51113103001.0,0,0
51113103101.0,0,1
51113103301.0,0,0
51113103501.0,0,0
51113103601.0,0,1
51113103701.0,0,0
51113103801.0,0,0
51113103901.0,0,1
51113104001.0,0,0
51113104301.0,0,0
51113104701.0,0,1
51113104801.0,0,1
51113104901.0,0,1
51113200401.0,0,0
51113200501.0,0,0
51113300101.0,0,0
51113300201.0,0,0
51113300301.0,0,1
51113300401.0,0,1
51113300601.0,0,1
51113300701.0,0,1
51113300801.0,0,1
51113301001.0,0,1
51113301201.0,0,1
51113301301.0,0,1
51113301401.0,0,1
51113301501.0,0,1
51113301601.0,0,1
51113301701.0,0,1
51113301801.0,0,1
51113301901.0,0,0
51113302001.0,0,1
51113302101.0,0,1
51113302201.0,0,1
51113302301.0,0,0
51113302401.0,0,0
51113302402.0,0,0
51113302501.0,0,1
51113302601.0,0,0
51113302602.0,0,0
51113302701.0,0,0
51113302801.0,0,1
51113302901.0,0,1
51113303001.0,0,1
51113303101.0,0,1
51113303201.0,0,1
51113303301.0,0,1
51113303501.0,0,0
51113303601.0,0,1
51113303801.0,0,0
51113303901.0,0,0
51113304001.0,0,1
51113304101.0,0,1
51113304201.0,0,1
51113304301.0,0,1
51113304401.0,0,1
51113304501.0,0,1
51113400201.0,0,1
51113400301.0,0,1
51113400401.0,0,0
51113400501.0,0,1
51113400601.0,0,1
51113400701.0,0,0
51410100101.0,0,0
51410100501.0,0,0
51410100801.0,0,1
51410100901.0,0,0
51410101101.0,0,0
51410101401.0,0,1
51410101901.0,0,0
51410102101.0,0,1
51410102201.0,0,0
51410102701.0,0,0
51410102801.0,0,1
51410103101.0,0,0
51410103601.0,0,0
51410103701.0,0,1
51410103901.0,0,1
51410104101.0,0,1
51410104601.0,0,0
51410200101.0,0,1
51410200201.0,0,1
51410200301.0,0,1
51410200501.0,0,1
51410200701.0,0,0
51410201001.0,0,1
51410201201.0,0,1
51410201301.0,0,0
51410201401.0,0,1
51410201701.0,0,1
51410201801.0,0,1
51410201901.0,0,1
51410202301.0,0,1
51410202701.0,0,1
51410202801.0,0,1
51410202901.0,0,1
51410203001.0,0,1
51410203101.0,0,1
51410203301.0,0,0
51410203701.0,0,1
51410203801.0,0,1
51410203901.0,0,1
51410204201.0,0,0
51410204601.0,0,1
51410205001.0,0,1
51410205201.0,0,1
51420300101.0,0,1
51420300301.0,0,1
51420300401.0,0,1
51420300501.0,0,1
51420300601.0,0,0
51420300602.0,0,1
51420300701.0,0,0
51420300901.0,0,1
51420301001.0,0,0
51420301101.0,0,1
51420301201.0,0,1
51420301401.0,0,1
51420301501.0,0,1
51420301601.0,0,1
51420301701.0,0,0
51420301801.0,0,0
51420301901.0,0,1
51420400201.0,0,1
51420400301.0,0,1
51420400501.0,0,1
51420400601.0,0,1
51420400701.0,0,0
51420400901.0,0,0
51420401001.0,0,0
51420401101.0,0,1
51420401201.0,0,0
51420401301.0,0,0
51420401401.0,0,1
51420401501.0,0,1
51420500101.0,0,0
51420500201.0,0,1
51420500301.0,0,1
51420500501.0,0,1
51420500601.0,0,1
51420500701.0,0,1
51420500801.0,0,1
51420500901.0,0,0
51420501101.0,0,1
51420501201.0,0,1
51420501301.0,0,1
51420501401.0,0,1
51420501501.0,0,0
51420501601.0,0,1
51420600101.0,0,1
51420600201.0,0,0
51420600401.0,0,1
51420600501.0,0,1
51420600601.0,0,1
51420600701.0,0,0
51420600901.0,0,1
51420601101.0,0,0
51420601201.0,0,1
51420601301.0,0,0
51420601501.0,0,1
51420601701.0,0,1
51420601801.0,0,0
51420700101.0,0,0
51420700201.0,0,1
51420700301.0,0,0
51420700401.0,0,1
51420700501.0,0,1
51420700601.0,0,1
51420700701.0,0,1
51420700801.0,0,0
51420700901.0,0,1
51420701101.0,0,1
51420701201.0,0,0
51420701301.0,0,1
51420701401.0,0,1
51420701501.0,0,1
51420701601.0,0,1
51420701701.0,0,1
51420800101.0,0,1
51420800201.0,0,1
51420800401.0,0,0
51420800501.0,0,1
51420800601.0,0,0
51420800901.0,0,0
51420801001.0,0,1
51420801301.0,0,1
51420801501.0,0,0
51420801601.0,0,1
51420900901.0,0,0
51421000101.0,0,0
51421000301.0,0,1
51421000501.0,0,1
51421000701.0,0,1
51421000801.0,0,0
51421100101.0,0,0
51421100501.0,0,1
51421100601.0,0,1
51421100801.0,0,1
51421100901.0,0,0
51421101001.0,0,0
51421101101.0,0,1
51421101301.0,0,0
51421101501.0,0,0
51421101601.0,0,0
51421101801.0,0,0
51421200101.0,0,1
51421200201.0,0,1
51421200401.0,0,0
51421200501.0,0,1
51421200601.0,0,1
51421200701.0,0,0
51421200801.0,0,1
51421200901.0,0,1
51421201001.0,0,1
51421201101.0,0,0
51421201201.0,0,0
51421201301.0,0,1
51421201401.0,0,1
51421201501.0,0,0
51421300101.0,0,0
51421300401.0,0,1
51421300501.0,0,1
51421300601.0,0,1
51421300901.0,0,1
51421301201.0,0,0
51421301501.0,0,0
51421301601.0,0,1
51421400101.0,0,1
51421400401.0,0,1
51421400601.0,0,1
51421400703.0,0,1
51421400801.0,0,1
51421400901.0,0,1
51421401001.0,0,1
51421401101.0,0,0
51421401302.0,1,1
51421401501.0,0,0
51421401502.0,0,1
51421401801.0,0,1
51421401802.0,0,1
51421401901.0,0,1
51421500201.0,0,0
51421500301.0,0,1
51421500401.0,0,1
51421500701.0,0,1
51421501001.0,0,1
51421501301.0,0,1
51421501401.0,0,1
51421600601.0,0,0
51421600801.0,0,1
51421601101.0,0,1
51421601301.0,0,0
51421601501.0,0,0
51421700101.0,0,1
51421700301.0,0,1
51421700401.0,0,0
51421700601.0,0,1
51421700701.0,0,1
51421700801.0,0,1
51421700901.0,0,1
51421701001.0,0,1
51421701002.0,0,0
51421701101.0,0,1
51421701201.0,0,1
51421701301.0,0,1
51421701401.0,0,1
51421701501.0,0,1
51421701601.0,0,1
51421701701.0,0,1
51421800101.0,0,1
51421800201.0,0,1
51421800401.0,0,1
51421800501.0,0,1
51421800601.0,0,0
51421800801.0,0,1
51421800901.0,0,1
51421801201.0,0,0
51421801601.0,0,1
51421900101.0,0,1
51421900201.0,0,1
51421900401.0,0,1
51421900501.0,0,1
51421900701.0,0,1
51421900801.0,0,1
51421900901.0,0,1
51421901001.0,0,1
51421901101.0,0,1
51421901201.0,0,0
51421901202.0,0,1
51421901301.0,0,1
51421901401.0,0,1
51421901501.0,0,1
51421901701.0,0,1
51421902001.0,0,1
51421902101.0,0,1
51422000101.0,0,0
51422000201.0,0,1
51422000401.0,0,1
51422000501.0,0,1
51422000601.0,0,0
51422000801.0,0,1
51422000901.0,0,0
51422001001.0,0,1
51422001301.0,0,0
51422001401.0,0,0
51422100401.0,0,1
51422100501.0,0,1
51422100602.0,0,0
51422100901.0,0,0
51422101001.0,0,1
51422101201.0,0,1
51422101401.0,0,1
51422101501.0,0,1
51422101701.0,0,1
51422200101.0,0,1
51422200301.0,0,1
51422200501.0,0,1
51422200601.0,0,1
51422200701.0,0,1
51422200901.0,0,1
51422201001.0,0,1
51422201101.0,0,1
51422201201.0,0,1
51422201301.0,0,1
51422201501.0,0,1
51422201601.0,0,1
51422201701.0,0,0
51422201801.0,0,0
51422201901.0,0,1
51422202001.0,0,1
51422300101.0,0,0
51422300401.0,0,0
51422300501.0,0,0
51422300601.0,0,0
51422300901.0,0,0
51422301101.0,0,0
51422400201.0,0,1
51422400301.0,0,1
51422400401.0,0,1
51422400501.0,0,1
51422400601.0,0,1
51422400701.0,0,1
51422400801.0,0,1
51422400901.0,0,0
51422401001.0,0,1
51422401401.0,0,0
51422401501.0,0,1
51422401601.0,0,1
51422401701.0,0,1
51422401801.0,0,1
51422401901.0,0,1
51422402001.0,0,1
51422500101.0,0,1
51422500301.0,0,1
51422500401.0,0,1
51422500501.0,0,1
51422500601.0,0,1
51422500801.0,0,1
51422500901.0,0,1
51422501001.0,0,1
51422501101.0,0,1
51422501201.0,0,1
51422501301.0,0,0
51422501401.0,0,1
51422501501.0,0,0
51422501601.0,0,1
51422501701.0,0,0
51422501801.0,0,1
51422501901.0,0,1
51422502101.0,0,0
52110200101.0,0,0
52110200201.0,0,1
52110200301.0,0,1
52110200401.0,0,0
52110200501.0,0,1
52110300101.0,0,1
52110300201.0,0,0
52110300301.0,0,1
52110300401.0,0,1
52110500101.0,0,1
52110500301.0,0,1
52110500401.0,0,0
52110500501.0,0,1
52110500601.0,0,1
52110500801.0,0,1
52110500901.0,0,1
52110501001.0,0,1
52110501101.0,0,0
52110501201.0,0,1
52110501301.0,0,1
52110800101.0,0,0
52110800201.0,0,0
52110800301.0,0,0
52110800401.0,0,0
52110800501.0,0,1
52111000101.0,0,1
52111000201.0,0,1
52111100101.0,0,1
52111100201.0,0,0
52111100301.0,0,0
52111100401.0,0,0
52111100501.0,0,1
52111100901.0,0,1
52111101001.0,0,0
52111101101.0,0,1
52111101201.0,0,1
52111101301.0,0,0
52111101401.0,0,1
52111101501.0,0,1
52111101601.0,0,1
52111101701.0,0,0
52111101801.0,0,1
52111200101.0,0,1
52111200201.0,0,1
52111200301.0,0,1
52111200401.0,0,1
52111200501.0,0,1
52111200601.0,0,0
52111200701.0,0,1
52111200801.0,0,1
52111200901.0,0,0
52111300101.0,0,0
52111400201.0,0,0
52111400301.0,0,0
52111400401.0,0,0
52111400601.0,0,1
52111400701.0,0,0
52111400901.0,0,0
52111500101.0,0,0
52111500201.0,0,1
52112000101.0,0,1
52112000301.0,0,0
52112000401.0,0,0
52112000501.0,0,0
52112100101.0,0,0
52112100201.0,0,0
52112100301.0,0,1
52112100401.0,0,0
52112100601.0,0,1
52112100801.0,0,1
52112100901.0,0,0
52112101001.0,0,1
52112101101.0,0,1
52112400201.0,0,0
52112400301.0,0,0
52112400401.0,0,1
52112400501.0,0,1
52112400601.0,0,0
52112400701.0,0,1
52112400801.0,0,0
52112400901.0,0,0
52112401001.0,0,0
52112401101.0,0,1
52112401201.0,0,1
52112700101.0,0,1
52112700201.0,0,1
52112700301.0,0,1
52112700401.0,0,0
52112700501.0,0,1
52112700601.0,0,1
52112700901.0,0,1
52112701001.0,0,0
52112701002.0,0,0
52112701101.0,0,0
52112701102.0,0,0
52112701201.0,0,1
52112701301.0,0,1
52112701501.0,0,1
52112701601.0,0,1
52112701701.0,0,1
52112701801.0,0,0
52112701901.0,0,0
52112800101.0,0,0
52112800201.0,0,1
52112800301.0,0,0
52112800401.0,0,0
52112800501.0,0,1
52112800601.0,0,1
52112800701.0,0,0
52112800901.0,0,1
52112801001.0,0,0
52112801101.0,0,0
52112801201.0,0,0
52112801301.0,0,1
52112801401.0,0,1
52112801701.0,0,1
52112801801.0,0,1
52112801901.0,0,1
52112802001.0,0,1
52112802201.0,0,1
52112802301.0,0,0
52112802401.0,0,1
52112900101.0,0,1
52112900301.0,0,0
52112900501.0,0,1
52112900601.0,0,1
52112900701.0,0,1
52112900801.0,0,1
52112900901.0,0,0
52112901001.0,0,1
52112901101.0,0,1
52112901201.0,0,1
52112901401.0,0,1
52113100101.0,0,1
52113100201.0,0,1
52113100301.0,0,0
52113100401.0,0,1
52113100501.0,0,0
52113100601.0,0,1
52113100901.0,0,0
52113200101.0,0,1
52113400101.0,0,1
52113400201.0,0,1
52113400401.0,0,1
52113400501.0,0,1
52113400601.0,0,1
52113400701.0,0,1
52113400901.0,0,0
52113401001.0,0,1
52113401101.0,0,0
52113401201.0,0,0
52113401301.0,0,1
52113401401.0,0,0
52113600101.0,0,0
52113600201.0,0,1
52113600301.0,0,1
52113600601.0,0,0
52113600701.0,0,1
52113600801.0,0,0
52113600901.0,0,0
52113601101.0,0,0
52113601401.0,0,1
52113601501.0,0,0
52113601601.0,0,0
52113601701.0,0,1
52113601801.0,0,1
52113602001.0,0,0
52114000201.0,0,1
52114000301.0,0,0
52114000401.0,0,1
52114000501.0,0,1
52114000601.0,0,1
52114000701.0,0,1
52114000801.0,0,1
52114000901.0,0,1
52114001001.0,0,1
52114100101.0,0,1
52114100201.0,0,1
52114100301.0,0,1
52114100401.0,0,0
52114100501.0,0,0
52114100601.0,0,1
52114100701.0,0,1
52114100801.0,0,1
52114400101.0,0,1
52114400201.0,0,0
52114400301.0,0,1
52114400501.0,0,0
52114400601.0,0,0
52114400701.0,0,1
52114400801.0,0,0
52114401001.0,0,0
52114401101.0,0,0
52114401201.0,0,0
52114401301.0,0,1
52114401401.0,0,1
52114401501.0,0,1
52114401601.0,0,1
52114401701.0,0,1
52114401801.0,0,0
52114401901.0,0,0
52114402001.0,0,1
52114402301.0,0,1
52114500101.0,0,1
52114500201.0,0,0
52114500401.0,0,1
52114500501.0,0,1
52114500601.0,0,1
52114500901.0,0,0
52114501001.0,0,1
52114501101.0,0,0
52114501201.0,0,1
52114501301.0,0,0
52114501601.0,0,0
52114501701.0,0,0
52114501801.0,0,1
52114501901.0,0,1
52114502001.0,0,1
52114502101.0,0,0
52114502201.0,0,0
52114502301.0,0,0
52114600201.0,0,0
52114600401.0,0,1
52114600501.0,0,1
52114600601.0,0,1
52114600701.0,0,0
52114600801.0,0,0
52114600901.0,0,0
52114601001.0,0,0
52114601101.0,0,0
52114601201.0,0,0
52114601301.0,0,0
52114601401.0,0,0
52114601501.0,0,0
52114601601.0,0,0
52114601701.0,0,0
52114601901.0,0,0
52114602001.0,0,1
52114602101.0,0,0
52114602201.0,0,0
52114602301.0,0,0
52114602401.0,0,0
52114602601.0,0,0
52114602701.0,0,1
52114602801.0,0,1
52114602901.0,0,1
52114603001.0,0,0
52114603101.0,0,0
52114603201.0,0,0
52114603301.0,0,0
52114603401.0,0,0
52114603501.0,0,0
52114603601.0,0,0
52114603701.0,0,1
52114603901.0,0,1
52114604001.0,0,0
52114604101.0,0,1
52114700101.0,0,1
52114700201.0,0,1
52114700401.0,0,1
52114700501.0,0,1
52114700601.0,0,1
52114700701.0,0,0
52114700801.0,0,1
52114700901.0,0,1
52114900101.0,0,0
52114900301.0,0,0
52114900401.0,0,1
52114900601.0,0,1
52114900701.0,0,0
52114900801.0,0,1
52114900901.0,0,0
52114901001.0,0,0
52114901101.0,0,1
52114901201.0,0,1
52114901301.0,0,0
52114901401.0,0,1
52114901501.0,0,0
52114901601.0,0,0
52114901701.0,0,0
52114901801.0,0,1
52114901901.0,0,1
52114902001.0,0,0
52114902201.0,0,0
52114902301.0,0,0
52114902401.0,0,0
52114902501.0,0,0
52114902701.0,0,0
52114902801.0,0,0
52114903101.0,0,0
52114903201.0,0,1
52114903301.0,0,0
52114903401.0,0,0
52114903501.0,0,0
52114903601.0,0,1
52114903801.0,0,0
52114903901.0,0,1
52114904001.0,0,0
52114904101.0,0,0
52114904301.0,0,0
52114904501.0,0,1
52114904601.0,0,0
52114904701.0,0,0
52114904801.0,0,0
52115100101.0,0,1
52115100301.0,0,1
52115100601.0,0,1
52115100701.0,0,1
52115100801.0,0,1
52115100901.0,0,0
52115101001.0,0,1
52115101101.0,0,0
52115101201.0,0,0
52115101301.0,0,1
52115101501.0,0,0
52115102001.0,0,0
52115102201.0,0,0
52115102401.0,0,0
52115102501.0,0,1
52115102601.0,0,1
52115102801.0,0,1
52115102901.0,0,1
52115103001.0,0,1
52115103101.0,0,1
52115103301.0,0,0
52115103401.0,0,1
52115103601.0,0,1
52115103701.0,0,1
52115103801.0,0,1
52115103901.0,0,1
52115104001.0,0,0
52115104201.0,0,1
52115104301.0,0,1
52115104401.0,0,1
52115104501.0,0,0
52115104701.0,0,1
52115104801.0,0,1
52115105001.0,0,0
52115105101.0,0,1
52115105201.0,0,0
52115105301.0,0,1
52115105501.0,0,0
52115105601.0,0,0
52115105701.0,0,0
52115105801.0,0,0
52115105901.0,0,1
52115106001.0,0,1
52115106201.0,0,0
52115106301.0,0,1
52115106401.0,0,1
52115106501.0,0,1
52115200101.0,0,0
52115200201.0,0,1
52115200301.0,0,0
52115200501.0,0,0
52115200601.0,0,0
52115200701.0,0,1
52115200801.0,0,0
52115200901.0,0,1
52115201001.0,0,1
52115201101.0,0,0
52115201201.0,0,0
52115201301.0,0,0
52115201501.0,0,0
52115201601.0,0,0
52115201701.0,0,1
52115201801.0,0,1
52115201901.0,0,0
52115202001.0,0,0
52115202101.0,0,1
52115202201.0,0,1
52115400101.0,0,0
52115400201.0,0,1
52115400301.0,0,1
52115400401.0,0,0
52115400501.0,0,0
52115800101.0,0,0
52115800201.0,0,1
52115800301.0,0,0
52115800401.0,0,0
52116000101.0,0,0
52116000201.0,0,1
52116000301.0,0,0
52116000501.0,0,1
52116000601.0,0,0
52116000701.0,0,0
52116000801.0,0,0
52116000901.0,0,0
52116001001.0,0,0
52116001101.0,0,0
52116001201.0,0,0
52116001301.0,0,1
52116001401.0,0,1
52116500101.0,0,1
52116500201.0,0,1
52116500301.0,0,0
52116500401.0,0,0
52116500501.0,0,0
52116500601.0,0,1
52116500701.0,0,1
52116500901.0,0,0
52116501001.0,0,0
52116501101.0,0,1
52116501201.0,0,1
52116501301.0,0,0
52116501401.0,0,1
52116501501.0,0,1
52116501601.0,0,0
52116501701.0,0,0
52116501801.0,0,0
52116501901.0,0,0
52116502001.0,0,1
52116502101.0,0,1
52116502201.0,0,0
52116502301.0,0,1
52116502401.0,0,0
52116502501.0,0,1
52116502601.0,0,1
52116502701.0,0,0
52116502801.0,0,0
52116502901.0,0,1
52116503001.0,0,0
52116503101.0,0,0
52116503201.0,0,0
52116700101.0,0,0
52116700201.0,0,0
52116700301.0,0,0
52116700501.0,0,1
52116700601.0,0,1
52116700701.0,0,1
52116700801.0,0,0
52116701001.0,0,1
52116701101.0,0,0
52116800101.0,0,0
52116800201.0,0,0
52116800301.0,0,0
52116800401.0,0,0
52117200101.0,0,1
52117200201.0,0,0
52117200301.0,0,1
52117200401.0,0,0
52117200501.0,0,1
52117200601.0,0,1
52117200701.0,0,0
52206900101.0,0,0
52206900201.0,0,1
52301900101.0,0,0
52301900201.0,0,0
52301900301.0,0,1
52301900401.0,0,1
52301900501.0,0,1
52301900601.0,0,1
52301900701.0,0,1
52301900801.0,0,1
52301900901.0,0,1
52302500101.0,1,0
52302500201.0,1,0
52304200101.0,1,1
52304200201.0,1,1
52304200301.0,1,1
52304300101.0,1,0
52304300201.0,1,0
52304800101.0,0,1
52304800201.0,0,1
52304800301.0,0,1
52304800401.0,0,1
52305500101.0,0,0
52305500201.0,0,0
52305500301.0,0,0
52305500401.0,0,0
52305500501.0,0,1
52305500601.0,0,0
52305500801.0,0,0
52305500901.0,0,0
52305501001.0,0,1
52305501101.0,0,0
52305501301.0,0,1
52305501302.0,0,1
52305501401.0,0,1
52305501501.0,0,1
52305501701.0,0,0
52305501801.0,0,1
52305501901.0,1,1
52305502001.0,0,0
52305502101.0,0,1
52305502201.0,0,1
52305502301.0,0,0
52305700101.0,0,0
52305700201.0,0,1
52305700301.0,0,1
52305700401.0,0,1
52305700501.0,0,1
52305700601.0,0,0
52305700701.0,0,0
52305700702.0,0,1
52305700703.0,0,0
52305700801.0,0,0
52305700901.0,0,0
52305701001.0,0,0
52305701002.0,0,0
52305701101.0,0,0
52305701201.0,0,0
52305701401.0,0,1
52305701501.0,0,0
52305701601.0,0,1
52305701701.0,0,1
52305701801.0,0,0
52305701901.0,0,1
52305702001.0,0,0
52305702002.0,0,0
52305702101.0,0,0
52305702201.0,0,0
52305702301.0,0,0
52305702401.0,0,0
52305702501.0,0,1
52305702601.0,0,0
52305702701.0,0,0
52305702801.0,0,0
52305702901.0,0,1
52305703001.0,0,1
52305703101.0,0,0
52305703201.0,1,1
52305703301.0,0,1
52305703401.0,0,1
52305703501.0,0,1
52305703601.0,0,1
52305703901.0,0,1
52305704001.0,0,1
52305704201.0,0,1
52305704301.0,0,1
52305704401.0,0,1
52305704501.0,0,1
52305704601.0,0,1
52305704701.0,0,1
52305704801.0,0,1
52305704901.0,0,1
52305705101.0,0,0
52305705201.0,0,1
52305705401.0,0,0
52305705501.0,0,0
52305705601.0,0,0
52305705701.0,0,0
52305705801.0,0,0
52305705802.0,0,0
52305706001.0,0,0
52305706101.0,0,0
52305706201.0,0,0
52305706301.0,0,0
52305706401.0,0,0
52305706501.0,0,0
52305706601.0,0,1
52305706701.0,0,1
52305706801.0,0,0
52305706901.0,0,1
52305707001.0,0,0
52305707201.0,0,0
52305707401.0,0,0
52305707501.0,0,0
52305707601.0,0,0
52305900101.0,0,1
52305900201.0,0,0
52305900301.0,0,1
52305900401.0,0,1
52305900501.0,0,0
52305900701.0,0,0
52305900801.0,0,1
52305901001.0,0,0
52305901101.0,0,1
52305901201.0,0,1
52305901301.0,0,0
52305901401.0,0,0
52305901501.0,0,1
52305901601.0,0,0
52305901701.0,0,0
52305901801.0,0,0
52305901901.0,0,1
52305902001.0,0,1
52305902101.0,0,0
52305902201.0,0,0
52305902301.0,0,0
52305902401.0,0,1
52305902501.0,0,0
52305902601.0,0,0
52305902701.0,0,1
52305902901.0,0,0
52305903001.0,0,1
52306100101.0,0,0
52306100201.0,0,0
52306100301.0,1,1
52306100401.0,0,0
52306100501.0,0,0
52306100601.0,0,0
52306100701.0,0,1
52306100801.0,0,0
52306200101.0,0,1
52306200201.0,0,0
52306200301.0,0,0
52306200501.0,1,1
52306200601.0,0,0
52306200701.0,0,0
52306200801.0,0,0
52306200901.0,0,0
52306201001.0,0,0
52306201101.0,0,1
52306201201.0,0,1
52306201301.0,0,1
52306201401.0,0,1
52306201501.0,0,1
52306201601.0,0,1
52306201701.0,0,1
52306201801.0,0,0
52306201901.0,0,0
52306202001.0,0,0
52306202101.0,0,1
52306202301.0,0,0
52306400101.0,0,0
52306400201.0,0,1
52306400401.0,0,0
52306401201.0,0,0
52306401301.0,0,1
52306401401.0,0,0
52306401501.0,0,1
52306401601.0,0,0
52306401701.0,0,1
52306401801.0,0,1
52306401901.0,0,0
52306402001.0,0,0
52306402201.0,0,1
52306402301.0,0,0
52306402401.0,0,1
52306402501.0,0,0
52306402601.0,0,1
52306402701.0,0,1
52306402801.0,0,0
52306402901.0,0,1
52306403001.0,0,0
52306403101.0,0,1
52306403201.0,0,1
52306403301.0,0,1
52306403401.0,0,1
52306403501.0,1,1
52306403601.0,1,0
52306403901.0,0,0
52306404001.0,0,1
52306404201.0,0,1
52306404301.0,0,1
52306404401.0,0,0
52306404501.0,0,0
52306404601.0,0,0
52306404701.0,0,1
52306404702.0,0,0
52306404801.0,0,1
52306404901.0,0,1
52306405001.0,0,1
52306405101.0,0,1
52306405201.0,0,0
52306405301.0,0,0
52307000101.0,0,1
52307000201.0,0,1
52307000301.0,0,1
52420100201.0,0,0
52420100301.0,0,0
52420100401.0,0,0
52420100501.0,0,0
52420100601.0,0,1
52420100701.0,0,0
52420100801.0,0,0
52420100901.0,0,1
52420101001.0,0,0
52420101101.0,0,1
52420200101.0,0,1
52420200701.0,0,0
52420201201.0,0,1
52420201701.0,0,0
52420201901.0,0,0
52420202001.0,0,0
52420300101.0,0,1
52420300201.0,0,1
52420300301.0,0,0
52420300401.0,0,0
52420300501.0,0,0
52420300601.0,0,1
52420300701.0,0,0
52420300801.0,0,1
52420300901.0,0,0
52420301001.0,1,1
52420301101.0,0,1
52420301201.0,0,1
52420400101.0,0,0
52420400401.0,0,1
52420400501.0,0,0
52420400801.0,0,0
52420400901.0,0,0
52420401101.0,0,0
52420401201.0,0,0
52420500101.0,0,0
52420500301.0,0,1
52420500401.0,0,1
52420500501.0,0,1
52420500601.0,0,0
52420500602.0,0,0
52420500701.0,0,1
52420500801.0,0,0
52420500901.0,0,0
52420501001.0,0,0
52420501101.0,0,0
52420501201.0,0,1
52420501301.0,0,0
52420501501.0,0,1
52420501601.0,0,1
52420501701.0,0,0
52420501901.0,0,0
52420502001.0,0,1
52420502101.0,0,1
52420502201.0,0,1
52420600101.0,0,0
52420600201.0,0,0
52420600301.0,0,1
52420600401.0,0,1
52420600601.0,0,1
52420600701.0,0,1
52420600801.0,0,0
52420601001.0,0,1
52420601101.0,0,1
52420700101.0,0,1
52420700301.0,0,1
52420700401.0,0,0
52420700501.0,0,0
52420700601.0,0,0
52420700701.0,0,1
52420700801.0,0,0
52420700901.0,0,0
52420701001.0,0,0
52420701101.0,0,0
52420701201.0,0,1
52420701301.0,0,0
52420701401.0,0,0
52420701601.0,0,0
52420701701.0,0,0
52420701801.0,0,0
52420800201.0,0,0
52420800401.0,0,0
52420800501.0,0,0
52420800701.0,0,1
52420800901.0,0,0
52420801001.0,0,1
52420801101.0,0,1
52420801201.0,0,0
52420801301.0,0,0
52420801401.0,0,1
52420801501.0,0,0
52420801601.0,0,0
52420900101.0,0,0
52420900201.0,0,0
52420900301.0,0,0
52420900401.0,0,0
52420900501.0,0,0
52420900701.0,0,0
52420900801.0,0,0
52420900901.0,0,0
52420901001.0,0,0
52420901101.0,0,1
52421000101.0,0,0
52421000201.0,0,0
52421000301.0,0,1
52421000401.0,0,0
52421000501.0,0,1
52421000601.0,0,0
52421000701.0,0,0
52421000801.0,0,0
52421000901.0,0,0
52421001001.0,0,0
52421001101.0,0,0
52421001201.0,0,0
52421001401.0,0,0
52421100101.0,0,0
52421100201.0,0,1
52421100301.0,0,0
52421100401.0,0,1
52421100701.0,0,0
52421200101.0,0,0
52421200201.0,0,0
52421200301.0,0,1
52421200401.0,0,0
52421200501.0,0,0
52421200601.0,0,0
52421200701.0,0,0
52421200801.0,0,1
52421200802.0,0,1
52421200901.0,0,1
52421201001.0,0,1
52421201101.0,0,1
52421201201.0,0,0
52421201301.0,0,0
52421300101.0,0,0
52421300201.0,0,0
52421300301.0,0,0
52421300501.0,0,0
52421300601.0,0,0
52421300701.0,0,0
52421400201.0,0,1
52421400602.0,0,1
52421400701.0,0,0
52421400801.0,0,1
52421400901.0,0,1
52421401001.0,0,1
52421500101.0,0,0
52421500201.0,0,1
52421500301.0,0,1
52421500401.0,0,1
52421500501.0,0,1
52421500601.0,0,0
52421500701.0,0,1
52421500801.0,0,0
52421500901.0,0,1
52421501001.0,0,0
52421501101.0,0,1
52421501201.0,0,1
52421501401.0,0,1
52421501601.0,0,1
52421600101.0,0,0
52421600201.0,0,0
52421600401.0,0,1
52421600601.0,0,1
52421600901.0,0,0
52421601001.0,0,0
52421601201.0,0,1
52421700201.0,0,0
52421700501.0,0,1
52421700701.0,0,1
52421700801.0,0,1
52421701101.0,0,0
52421701301.0,0,1
52421701401.0,0,1
52421701601.0,0,0
52421800101.0,0,1
52421800201.0,0,0
52421800301.0,0,1
52421800401.0,0,1
52421800501.0,0,0
52421800601.0,0,0
52421800701.0,0,1
52421800801.0,0,1
52421900101.0,0,1
52421900201.0,0,1
52421900301.0,0,1
52421900401.0,0,1
52421900501.0,0,1
52421900601.0,0,1
52421900701.0,0,0
52421900801.0,0,1
52421901001.0,0,0
52422000101.0,0,0
52422000201.0,0,1
52422000301.0,0,1
52422000401.0,0,1
52422000501.0,0,0
52422000701.0,0,1
52422000801.0,0,1
52422000901.0,0,0
52422001001.0,0,1
52422001101.0,0,0
52422001201.0,0,1
52422001301.0,0,1
52422001401.0,0,1
52422100101.0,0,0
52422100301.0,0,0
52422100401.0,0,0
52422100501.0,0,0
52422100601.0,0,0
52422100701.0,0,0
52422100801.0,0,0
52422100901.0,0,1
52422101001.0,0,0
52422101101.0,0,0
52422101301.0,0,0
52422101401.0,0,0
52422200101.0,0,0
52422200201.0,0,0
52422200401.0,0,0
52422200501.0,0,1
52422200701.0,0,1
52422200801.0,0,0
52422201001.0,0,1
52422201201.0,0,0
52422201301.0,0,1
52422300101.0,0,0
52422300201.0,0,1
52422300301.0,0,0
52422300401.0,0,1
52422300501.0,0,0
52422300601.0,0,0
52422300701.0,0,1
52422300801.0,0,1
52422300901.0,0,1
52422301001.0,0,1
52422400301.0,0,1
52422400601.0,0,0
52422400901.0,0,0
52422401001.0,0,0
52422401101.0,0,1
52422401301.0,0,0
52422401601.0,0,0
52422401801.0,0,0
52422401901.0,0,0
52422402001.0,0,0
52422501101.0,0,1
52422501201.0,0,0
52422501301.0,0,1
52422501401.0,0,1
52422501601.0,0,1
52422501701.0,0,0
52422600101.0,0,0
52422600201.0,0,0
52422600301.0,0,1
52422600401.0,0,0
52422600501.0,0,0
52422600701.0,0,1
52422600901.0,0,0
52422601101.0,0,1
52422601201.0,0,1
52422601301.0,0,0
52422700101.0,0,1
52422700301.0,0,1
52422700501.0,0,1
52422700801.0,0,0
52422700901.0,0,0
52422701101.0,0,0
52422701201.0,0,0
52422701301.0,0,0
52422701401.0,0,0
52422701501.0,0,0
52422701601.0,0,0
52422701701.0,0,0
52422701901.0,0,0
52422702001.0,0,0
52422800101.0,0,1
52422800201.0,0,1
52422800301.0,0,1
52422800401.0,0,0
52422800501.0,0,0
52422800601.0,0,1
52422800701.0,0,0
52422800801.0,0,0
52422801001.0,0,1
52422801101.0,0,1
52422801201.0,0,0
52422900101.0,0,1
52422900201.0,0,0
52422900301.0,0,0
52422900401.0,0,0
52422900501.0,0,0
52422900601.0,0,1
52422900701.0,0,0
52422900801.0,0,0
52422900901.0,0,1
52422901001.0,1,1
52422901101.0,0,0
52422901201.0,0,0
52422901401.0,0,1
52422901501.0,0,1
52423000101.0,0,1
52423000201.0,0,0
52423000301.0,0,0
52423000401.0,0,1
52423000701.0,0,1
52423000801.0,0,1
52423000901.0,0,0
52423001001.0,0,0
52423001101.0,0,1
52423001201.0,0,1
52423001301.0,0,1
52423100101.0,0,1
52423100301.0,0,0
52423100401.0,0,0
52423100501.0,0,0
52423100701.0,0,1
52423100801.0,0,0
52423101101.0,0,1
52423101201.0,0,0
52423101301.0,0,1
52423200101.0,0,0
52423200301.0,0,0
52423200402.0,0,0
52423200501.0,0,0
52423200502.0,0,1
52423200601.0,0,0
52423200602.0,0,0
52423200801.0,0,0
52423200901.0,0,0
52423201001.0,0,1
52423201002.0,0,1
52423201201.0,0,1
52423300101.0,0,0
52423300201.0,0,1
52423300401.0,0,1
52423300501.0,0,0
52423300604.0,0,0
52423300606.0,0,1
52423300607.0,0,1
52423300701.0,0,1
52423300801.0,0,0
52423300901.0,0,0
52423400101.0,0,1
52423400201.0,0,1
52423400301.0,0,0
52423400401.0,0,1
52423400601.0,0,1
52423400801.0,0,1
52423400901.0,0,1
52423401201.0,0,1
52423401301.0,0,0
52423401401.0,0,1
52423401601.0,0,0
52423500101.0,0,0
52423500201.0,0,0
52423600101.0,0,0
52423600201.0,0,0
52423600401.0,0,0
52423600701.0,0,0
52423600801.0,0,0
52423600901.0,0,1
52423601101.0,0,0
52423601201.0,0,0
52423601301.0,0,0
52423601401.0,0,0
52423700701.0,0,0
52423700901.0,1,1
52423701401.0,0,0
52423701601.0,0,0
52423701701.0,0,0
52423701801.0,1,0
52423800101.0,0,0
52423800201.0,0,0
52423800301.0,0,0
52423800401.0,0,0
52423800601.0,0,0
52423800801.0,0,0
52423800901.0,0,0
52423801001.0,0,0
52423801101.0,0,0
52423801201.0,0,0
52423801401.0,0,1
52423801601.0,0,0
52423900101.0,0,0
52423900201.0,0,0
52423900301.0,0,0
52423900401.0,0,1
52423900501.0,0,1
52423900901.0,0,1
52423901301.0,0,1
52423901302.0,0,0
52423901401.0,0,1
52423901501.0,0,1
52423901701.0,0,0
52423901801.0,0,0
52424000101.0,0,0
52424000201.0,0,0
52424000301.0,0,1
52424000401.0,0,0
52424000402.0,0,0
52424000501.0,0,1
52424000601.0,0,0
52424000701.0,0,1
52424000702.0,0,0
52424000801.0,0,1
52424000901.0,0,0
52424001001.0,0,0
52424001002.0,0,0
52424001101.0,0,1
52424001102.0,0,0
52424001103.0,0,1
52424001301.0,0,1
52424001401.0,0,0
52424001501.0,0,0
52424001601.0,0,0
52424001701.0,1,1
52424100101.0,0,1
52424100201.0,0,0
52424100601.0,0,0
52424101001.0,0,0
52424101101.0,0,1
52424101201.0,0,0
52424201401.0,0,0
52424201701.0,0,1
52424201801.0,0,1
52424202001.0,0,0
52424202401.0,0,0
52424300101.0,0,1
52424300201.0,0,0
52424300301.0,0,0
52424300401.0,0,0
52424300501.0,0,0
52424300601.0,0,0
52424300901.0,0,1
52424301001.0,0,0
52424301101.0,0,0
52424301201.0,0,0
52424301301.0,0,0
52424301401.0,0,0
52424301601.0,0,0
52424301701.0,0,0
52424400101.0,0,0
52424400201.0,0,0
52424400301.0,0,0
52424400401.0,0,0
52424400701.0,0,1
52424400901.0,0,0
52424401001.0,0,0
52424401201.0,0,0
52424401401.0,0,0
52424401402.0,0,0
52424401501.0,0,1
52424500201.0,0,1
52424500301.0,0,0
52424500401.0,0,0
52424500601.0,0,1
52424500801.0,0,0
52424500901.0,0,1
52424501001.0,0,0
52424501101.0,0,0
52424501201.0,0,1
52424501401.0,0,1
52424501601.0,0,1
52424501801.0,0,0
52424501901.0,0,0
52424502001.0,0,1
52424600101.0,0,1
52424600201.0,0,1
52424600301.0,0,1
52424600401.0,0,1
52424600601.0,0,1
52424600701.0,0,1
52424600801.0,0,1
52424600901.0,0,0
52424601001.0,0,0
52424601101.0,0,1
52424601201.0,0,0
52424700101.0,1,0
52424700301.0,0,0
52424700801.0,0,0
52424700901.0,0,0
52424700902.0,0,0
52424701001.0,0,0
52424701401.0,1,1
52424701901.0,0,0
52424800101.0,0,1
52424800201.0,0,1
52424800301.0,0,0
52424800401.0,0,1
52424800501.0,0,0
52424800601.0,0,0
52424800701.0,0,1
52424800801.0,0,0
52424800901.0,0,0
52424801001.0,0,1
52424801201.0,0,0
52424801301.0,0,0
52424900101.0,0,1
52424900301.0,0,1
52424900401.0,0,0
52424900701.0,0,1
52424900801.0,0,0
52424901001.0,0,1
52424901201.0,1,1
52425000101.0,0,0
52425000201.0,0,0
52425000301.0,0,0
52425000401.0,0,1
52425000501.0,0,0
52425000601.0,0,1
52425000701.0,0,0
52425000801.0,0,1
52425000901.0,0,0
52425001001.0,0,0
52425001101.0,0,0
52425001201.0,0,0
52425001301.0,0,0
52425001501.0,0,0
52425001601.0,0,1
53110200101.0,0,1
53110200201.0,0,1
53110200301.0,0,0
53110200401.0,0,1
53110200501.0,0,1
53110200701.0,0,1
53110200801.0,1,1
53110300101.0,0,1
53110300201.0,0,0
53110300301.0,0,1
53110300401.0,0,0
53110300501.0,0,0
53110300601.0,0,0
53110300701.0,0,0
53110300901.0,0,0
53110300902.0,0,0
53110301001.0,0,1
53110301101.0,0,1
53111000301.0,0,1
53111000401.0,0,1
53111000601.0,0,1
53111000701.0,0,1
53111100201.0,0,1
53111100301.0,0,1
53111300101.0,0,1
53111300201.0,0,1
53111400101.0,0,1
53111400201.0,0,1
53111400301.0,0,1
53111400401.0,0,1
53111400501.0,0,1
53111400601.0,0,1
53111400701.0,0,1
53111400801.0,0,1
53111401001.0,0,1
53111401101.0,0,1
53111500101.0,0,1
53111500201.0,0,1
53111500301.0,0,1
53111600101.0,0,1
53111600201.0,0,0
53111600401.0,0,1
53111600501.0,0,1
53111600601.0,0,1
53111600701.0,0,0
53111600801.0,0,1
53111600901.0,0,1
53111601101.0,0,0
53111601201.0,0,1
53111601401.0,0,1
53111900101.0,0,1
53111900201.0,0,1
53111900301.0,0,0
53111900401.0,0,0
53111900501.0,0,0
53111900601.0,0,0
53111900701.0,0,1
53111900801.0,0,0
53111900901.0,0,0
53111901001.0,0,1
53111901101.0,0,0
53111901201.0,0,1
53111901301.0,0,1
53111901401.0,0,0
53111901501.0,0,1
53111901601.0,0,1
53111901701.0,0,0
53111901801.0,0,1
53111901901.0,0,0
53111902001.0,0,0
53111902101.0,0,1
53111902201.0,0,0
53112000101.0,0,1
53112000201.0,0,1
53112000301.0,0,1
53112000401.0,0,1
53112000501.0,0,1
53112000601.0,0,1
53112000701.0,0,0
53112000801.0,0,1
53112000901.0,0,1
53112001001.0,0,1
53112001101.0,0,1
53112001201.0,0,1
53112200101.0,0,1
53112200201.0,0,1
53112200301.0,0,1
53112200401.0,0,1
53112200501.0,0,1
53112300101.0,0,1
53112300201.0,0,1
53112300301.0,0,1
53112300401.0,0,1
53112300501.0,0,1
53112300601.0,0,1
53112300701.0,0,1
53112300801.0,0,0
53112300901.0,0,1
53112301001.0,0,1
53112301101.0,0,1
53112301201.0,0,1
53112301301.0,0,1
53112301401.0,0,0
53112301501.0,0,1
53112500101.0,0,1
53112500201.0,0,0
53112500301.0,0,1
53112500401.0,0,0
53112500501.0,0,1
53112500601.0,0,1
53112500701.0,0,1
53112500801.0,0,1
53112500901.0,0,1
53112501001.0,0,0
53112501101.0,0,1
53112501201.0,0,1
53112501301.0,0,0
53112501401.0,0,1
53112501501.0,0,0
53112501601.0,0,1
53112501701.0,0,1
53112501801.0,0,1
53112501901.0,0,1
53112700101.0,0,1
53112700301.0,0,1
53112700401.0,0,1
53112700501.0,0,1
53112700701.0,0,1
53112700901.0,0,1
53112701001.0,0,1
53112701101.0,0,1
53112701301.0,0,1
53112701401.0,0,0
53112701601.0,0,0
53112701701.0,0,0
53112701801.0,0,1
53112701901.0,0,1
53112702001.0,0,1
53112702201.0,0,1
53112702301.0,0,1
53113000201.0,0,0
53113000301.0,0,1
53113000401.0,0,1
53113000701.0,0,1
53113000801.0,0,1
53113000901.0,0,1
53113001001.0,0,1
53113001301.0,0,0
53113001501.0,0,1
53113001601.0,0,1
53113001701.0,0,1
53113001801.0,0,0
53113001901.0,0,1
53113002001.0,0,1
53113002101.0,0,1
53113002201.0,0,1
53113002301.0,0,1
53113002401.0,0,1
53113002501.0,0,0
53113002601.0,0,1
53113002701.0,0,1
53113002801.0,0,0
53113002901.0,0,1
53113003201.0,0,1
53113003301.0,0,1
53113400101.0,0,1
53113400201.0,0,1
53113400301.0,0,1
53113400401.0,0,1
53113400501.0,0,1
53113400601.0,0,0
53113400801.0,0,0
53113400901.0,0,1
53113700101.0,0,0
53114300101.0,0,1
53114300301.0,0,1
53114300401.0,0,0
53114300501.0,0,0
53114300701.0,0,1
53114300801.0,0,1
53114301001.0,0,1
53114301101.0,0,1
53114301201.0,0,1
53114301301.0,0,1
53114301401.0,0,1
53114301501.0,0,0
53114400101.0,0,0
53114400201.0,0,1
53114400301.0,0,1
53114400401.0,0,0
53114400501.0,0,1
53114400601.0,0,1
53114400701.0,0,1
53114400801.0,0,1
53114401001.0,0,0
53114401101.0,0,1
53114401201.0,0,1
53114401301.0,0,1
53114401401.0,0,1
53114401501.0,0,1
53114401601.0,0,0
53114600101.0,0,1
53114600201.0,0,0
53114600301.0,0,1
53114700101.0,0,1
53114700201.0,0,1
53114700301.0,0,0
53114700601.0,0,1
53114700701.0,0,1
53114700801.0,0,0
53114700901.0,0,1
53114701001.0,0,0
53114701101.0,0,1
53114800101.0,0,0
53114800201.0,0,1
53114800301.0,0,0
53114800401.0,0,1
53114800501.0,0,1
53114800601.0,0,0
53114800801.0,0,1
53114800901.0,0,0
53114801001.0,0,0
53114801101.0,0,1
53114801201.0,0,0
53114801301.0,0,0
53114801501.0,0,0
53114801601.0,0,0
53114801701.0,0,0
53114801801.0,0,1
53114801901.0,0,0
53114802001.0,0,1
53114802301.0,0,0
53114802401.0,0,1
53114802501.0,0,1
53114802701.0,0,0
53114802801.0,0,1
53114802901.0,0,1
53114803001.0,0,1
53114803101.0,0,1
53114803201.0,0,1
53114803301.0,0,1
53114803401.0,0,0
53114803501.0,0,1
53114803601.0,0,1
53114803701.0,0,1
53114803801.0,0,0
53114804001.0,0,0
53114804101.0,0,0
53114804201.0,0,1
53114804301.0,0,0
53114804401.0,0,1
53114804701.0,0,1
53114804801.0,0,0
53114804901.0,0,0
53114805001.0,0,1
53114805101.0,0,1
53114805201.0,0,1
53114805301.0,0,0
53114805401.0,0,1
53114805501.0,0,1
53114806001.0,0,1
53114806101.0,0,1
53114806201.0,0,1
53114806301.0,0,1
53114806401.0,0,0
53114806501.0,0,0
53114806601.0,0,0
53114806701.0,0,1
53114806801.0,0,1
53114806901.0,0,1
53114807001.0,0,0
53114807101.0,0,1
53114900101.0,0,1
53114900501.0,0,1
53114900701.0,0,1
53114900801.0,0,1
53114900901.0,0,1
53114901001.0,0,1
53114901101.0,0,1
53114901201.0,0,1
53114901301.0,0,1
53114901401.0,0,1
53114901701.0,0,1
53114901801.0,0,0
53114901901.0,0,0
53114902001.0,0,1
53114902101.0,0,1
53114902701.0,0,1
53114902901.0,0,0
53114903001.0,0,1
53114903101.0,0,1
53114903201.0,0,1
53114903301.0,0,1
53114903401.0,0,0
53114903501.0,0,1
53114903601.0,0,1
53114903801.0,0,1
53114904201.0,0,0
53114904301.0,0,1
53115200101.0,0,1
53115200201.0,0,1
53115200301.0,0,1
53115200401.0,0,1
53115200501.0,0,0
53115200601.0,0,1
53115200701.0,0,1
53115200801.0,0,1
53115200901.0,0,1
53115201001.0,0,1
53115201101.0,0,1
53115201201.0,0,1
53115500101.0,0,1
53115500201.0,0,1
53115500301.0,0,1
53115500501.0,0,1
53115500601.0,0,1
53115500701.0,0,1
53202100101.0,1,1
53202400101.0,0,1
53202400201.0,0,1
53202400301.0,0,1
53202900101.0,0,1
53202900201.0,0,0
53202900301.0,0,1
53202900401.0,0,1
53202900501.0,0,0
53202900601.0,0,1
53204500101.0,0,1
53204500201.0,0,0
53204500301.0,0,1
53204500401.0,0,0
53204500501.0,0,1
53204500601.0,0,1
53301700101.0,0,1
53301700201.0,0,1
53301700401.0,0,1
53301700501.0,0,1
53301700601.0,0,1
53301700701.0,0,0
53301700801.0,0,0
53301700901.0,0,1
53301701001.0,0,0
53301701101.0,0,0
53301701201.0,0,0
53301800101.0,0,0
53301800201.0,1,1
53301800301.0,0,1
53301800401.0,0,0
53301800501.0,0,0
53301800601.0,0,0
53301800701.0,0,1
53301800801.0,0,1
53301800901.0,0,1
53302600101.0,0,0
53302600201.0,0,0
53302800101.0,1,1
53302800201.0,1,1
53303100101.0,0,0
53303100301.0,0,1
53303200201.0,0,1
53303200301.0,0,1
53303200401.0,1,1
53303200501.0,0,0
53303200601.0,0,1
53303200701.0,0,0
53303300101.0,0,1
53303300201.0,0,1
53303500101.0,1,0
53303600101.0,0,0
53303600201.0,1,0
53303600301.0,1,1
53303800101.0,1,0
53303800201.0,1,1
53303800301.0,0,0
53303900101.0,0,0
53303900201.0,1,1
53303900401.0,0,0
53303900501.0,0,1
53303900601.0,0,0
53303900701.0,0,0
53303900801.0,0,0
53303900901.0,0,1
53303901001.0,0,0
53303901101.0,0,0
53303901201.0,0,0
53303901301.0,0,1
53303901401.0,0,1
53303901501.0,0,0
53303901601.0,0,0
53303901701.0,0,0
53304000101.0,0,0
53304000201.0,0,0
53304000301.0,0,1
53304000401.0,0,0
53304000501.0,0,0
53304000601.0,0,0
53304000701.0,0,0
53304000801.0,0,0
53304000901.0,0,1
53304001001.0,0,0
53304001101.0,0,0
53304001201.0,0,0
53304001301.0,0,0
53304001401.0,0,0
53304001501.0,0,0
53304001601.0,0,0
53304001701.0,0,1
53304001801.0,0,0
53304001901.0,0,0
53304002101.0,0,0
53304002201.0,0,0
53304002301.0,0,1
53304002401.0,0,0
53304002501.0,0,0
53304002601.0,0,0
53304002701.0,0,1
53304002901.0,0,1
53304003001.0,0,1
53304003101.0,0,0
53304003201.0,0,1
53304003301.0,0,0
53304003401.0,0,1
53304003501.0,0,0
53304003601.0,0,0
53304003701.0,0,1
53304003801.0,0,1
53304003901.0,0,1
53304004001.0,0,1
53304004101.0,0,1
53304004201.0,0,1
53304004401.0,0,1
53304004501.0,0,1
53304004701.0,0,1
53304004801.0,0,0
53304005001.0,0,0
53304005101.0,0,0
53304005201.0,0,1
53304005301.0,0,1
53304005401.0,0,0
53304005501.0,0,0
53304005601.0,0,0
53304005701.0,0,1
53304005901.0,0,0
53304006001.0,0,0
53304006101.0,0,1
53304006201.0,0,0
53304006301.0,0,0
53304006401.0,0,1
53304006501.0,0,0
53304006601.0,0,0
53304006701.0,0,0
53304006801.0,0,0
53304006901.0,0,0
53304007001.0,0,0
53304007201.0,0,1
53304007301.0,0,1
53304007401.0,0,0
53304007501.0,0,0
53304007601.0,0,1
53304007801.0,0,0
53304007901.0,0,0
53304008001.0,0,0
53304008201.0,0,0
53304008301.0,0,0
53304008701.0,0,0
53304008801.0,0,0
53304008901.0,0,1
53304009001.0,0,1
53304009101.0,0,0
53304009201.0,0,0
53304009301.0,0,1
53304009401.0,0,0
53304009501.0,0,1
53304009601.0,0,1
53304009701.0,0,1
53304009801.0,0,1
53304009901.0,0,0
53304010001.0,0,0
53304010101.0,0,1
53304010201.0,0,0
53304010301.0,0,0
53304010401.0,0,0
53304010501.0,0,1
53304010601.0,0,0
53304010701.0,0,1
53304010801.0,0,0
53304011001.0,0,0
53304011101.0,0,0
53304011301.0,0,0
53304011501.0,0,1
53304011601.0,0,0
53304011701.0,0,0
53304011801.0,0,0
53304011901.0,0,1
53304012001.0,0,0
53304012101.0,0,1
53304012301.0,0,0
53304012401.0,0,0
53304012601.0,0,1
53304012701.0,0,0
53304012801.0,0,1
53304012901.0,0,0
53304013201.0,0,1
53304013301.0,0,1
53304013401.0,0,1
53304013501.0,0,0
53304013601.0,0,0
53304013801.0,0,0
53304014101.0,0,0
53304014401.0,0,1
53304014501.0,0,0
53304014601.0,0,0
53304014701.0,0,1
53304014801.0,0,0
53304014901.0,0,0
53304015101.0,0,1
53304015201.0,0,1
53305000101.0,1,0
53305000201.0,0,1
53305000301.0,1,0
53305100101.0,1,1
53420100101.0,0,1
53420100102.0,0,1
53420100201.0,0,1
53420100601.0,0,1
53420101001.0,0,1
53420101101.0,0,1
53420101201.0,0,0
53420101202.0,0,1
53420101401.0,0,1
53420200101.0,0,1
53420200201.0,0,1
53420200301.0,0,1
53420200501.0,0,1
53420200801.0,0,1
53420200901.0,0,1
53420201001.0,0,1
53420201002.0,0,0
53420201101.0,0,1
53420201201.0,0,1
53420201301.0,0,1
53420201401.0,0,1
53420201501.0,0,1
53420300101.0,0,1
53420300201.0,0,1
53420300301.0,0,1
53420300401.0,0,1
53420300501.0,0,0
53420300601.0,0,1
53420300701.0,0,0
53420300801.0,0,0
53420300901.0,0,0
53420301001.0,0,1
53420301101.0,0,1
53420301201.0,0,1
53420301301.0,0,0
53420301401.0,0,1
53420301501.0,0,1
53420301701.0,0,0
53420301801.0,0,1
53420400101.0,0,1
53420400201.0,0,1
53420400301.0,0,1
53420400501.0,0,1
53420400601.0,0,1
53420400701.0,0,1
53420400901.0,0,1
53420401001.0,0,1
53420401201.0,0,1
53420401301.0,0,1
53420401401.0,0,1
53420401501.0,0,1
53420401601.0,0,1
53420401701.0,0,1
53420500101.0,0,0
53420500201.0,0,1
53420500301.0,0,1
53420500401.0,0,1
53420500501.0,0,1
53420501001.0,0,0
53420501101.0,0,1
53420501201.0,0,1
53420501401.0,0,1
53420501501.0,0,0
53420501601.0,0,0
53420501701.0,0,0
53420502001.0,0,0
53420600101.0,0,0
53420600201.0,0,1
53420600301.0,0,1
53420600401.0,0,1
53420600501.0,0,1
53420600601.0,0,1
53420600701.0,0,1
53420600801.0,0,1
53420600901.0,0,0
53420601001.0,0,0
53420601101.0,0,0
53420601201.0,0,0
53420601301.0,0,1
53420601501.0,0,1
53420700101.0,0,1
53420700201.0,0,1
53420700301.0,0,1
53420700401.0,0,1
53420700501.0,0,0
53420700601.0,0,0
53420700701.0,0,0
53420700901.0,0,1
53420701001.0,0,1
53420701101.0,0,0
53420701201.0,0,1
53420701301.0,0,1
53420701401.0,0,1
53420701501.0,0,1
53420800201.0,0,1
53420800301.0,0,1
53420800401.0,0,1
53420800501.0,0,1
53420800801.0,0,1
53420800802.0,0,0
53420801001.0,0,1
53420801401.0,0,1
53420801501.0,0,1
53420900101.0,0,1
53420900201.0,0,1
53420900301.0,0,1
53420900401.0,0,1
53420900501.0,0,1
53420900601.0,0,1
53420900701.0,0,1
53420900901.0,0,1
53420901001.0,0,0
53420901101.0,0,0
53420901201.0,0,1
53421000101.0,0,1
53421000201.0,0,1
53421000301.0,0,1
53421000401.0,0,1
53421000501.0,0,1
53421000601.0,0,1
53421000701.0,0,1
53421000801.0,0,1
53421001001.0,0,1
53421001201.0,0,1
53421001601.0,0,1
53421100101.0,0,1
53421100201.0,0,1
53421100301.0,0,1
53421100401.0,0,1
53421100402.0,0,0
53421100601.0,0,1
53421100701.0,0,1
53421100702.0,0,1
53421100801.0,0,1
53421100901.0,0,0
53421101001.0,0,1
53421101101.0,0,1
53421101201.0,0,1
53421101301.0,0,1
53421101401.0,0,1
53421200101.0,0,0
53421200301.0,0,1
53421200401.0,0,1
53421200601.0,0,1
53421200901.0,0,1
53421201101.0,0,1
53421201201.0,0,1
53421201301.0,0,1
53421201601.0,0,1
53421201901.0,0,1
53421202001.0,0,0
53421202101.0,0,1
53421300101.0,0,1
53421300301.0,0,0
53421300601.0,0,1
53421300701.0,0,0
53421300801.0,0,0
53421301101.0,0,1
53421301201.0,0,0
53421400101.0,0,1
53421400201.0,0,1
53421400301.0,0,1
53421400401.0,0,1
53421400501.0,0,0
53421400601.0,0,0
53421400801.0,0,0
53421400901.0,0,1
53421401001.0,0,1
53421401201.0,0,0
53421401301.0,0,1
53421401401.0,0,1
53421500101.0,0,1
53421500301.0,0,1
53421500401.0,0,1
53421500501.0,0,0
53421500601.0,0,1
53421500701.0,0,1
53421500901.0,0,1
53421501001.0,0,1
53421501101.0,0,1
53421501201.0,0,0
53421501301.0,0,0
53421501501.0,0,0
53421600101.0,0,1
53421600201.0,0,0
53421600301.0,0,1
53421600401.0,0,0
53421600501.0,0,0
53421600601.0,0,0
53421600801.0,0,1
53421600901.0,0,1
53421601001.0,0,1
53421601101.0,0,1
53421601201.0,0,0
53421601301.0,0,1
53421601401.0,0,1
53421601501.0,0,1
53421601601.0,0,1
53421601701.0,0,0
53421601801.0,0,1
53421700101.0,0,1
53421700201.0,0,1
53421700401.0,0,0
53421700801.0,0,0
53421700901.0,0,0
53421701101.0,0,1
53421701201.0,0,1
53421701301.0,0,1
53421701701.0,0,1
53421800101.0,0,1
53421800201.0,0,1
53421800301.0,0,1
53421800401.0,0,1
53421800501.0,0,1
53421800601.0,0,1
53421800701.0,0,1
53421800801.0,0,1
53421800901.0,0,1
53421801001.0,0,1
53421801101.0,0,1
53421801201.0,0,1
53421801301.0,0,1
53421900101.0,0,0
53421900201.0,1,1
53421900301.0,0,1
53421900401.0,0,1
53421900501.0,0,1
53421900601.0,0,1
53421900701.0,0,1
53421900801.0,0,1
53421901101.0,0,1
53421901301.0,0,1
53421901401.0,0,1
53421901501.0,0,1
53421901701.0,0,0
53421901801.0,0,0
53421901901.0,0,1
53421902101.0,0,1
53422000101.0,0,0
53422000201.0,0,0
53422000301.0,0,0
53422000401.0,0,0
53422000501.0,0,1
53422000601.0,0,1
53422000701.0,0,1
53422000801.0,0,0
53422000901.0,0,1
53422001001.0,0,0
53422001201.0,0,1
53422001301.0,0,1
53422001401.0,0,1
53422001501.0,0,1
53422001601.0,0,1
53422001701.0,0,0
53422001801.0,0,1
53422100101.0,0,1
53422100201.0,0,1
53422100301.0,0,0
53422100401.0,0,0
53422100501.0,0,1
53422100701.0,0,1
53422100801.0,0,1
53422100901.0,0,1
53422101001.0,0,1
53422101101.0,0,1
53422101201.0,0,1
53422101301.0,0,1
53422101501.0,0,1
53422101601.0,0,1
53422200101.0,1,1
53422200201.0,0,1
53422200301.0,0,1
53422200401.0,0,1
53422200501.0,0,1
53422200601.0,0,1
53422200701.0,0,1
53422200801.0,0,1
53422201101.0,0,1
53422201301.0,0,0
53422201701.0,0,0
53422201901.0,0,0
53422202201.0,0,1
53422202403.0,0,1
53422202901.0,0,0
53422300101.0,0,1
53422300201.0,0,1
53422300301.0,0,1
53422300501.0,0,1
53422300901.0,0,1
53422301001.0,0,1
53422301201.0,0,1
53422301301.0,0,1
53422301401.0,0,1
53422301501.0,0,1
53422301701.0,0,1
53422301901.0,0,0
53422400101.0,0,1
53422400201.0,0,0
53422400301.0,0,0
53422400401.0,0,0
53422400501.0,0,0
53422400701.0,0,1
53422400801.0,0,1
53422400901.0,0,0
53422401001.0,0,1
53422401201.0,0,1
53422401301.0,0,1
53422401401.0,0,0
53422401501.0,0,1
53422500101.0,0,0
53422500201.0,0,1
53422500301.0,0,1
53422500401.0,0,0
53422500402.0,0,0
53422500501.0,0,0
53422500601.0,0,0
53422500701.0,0,0
53422500801.0,0,1
53422500901.0,0,1
53422501001.0,0,1
53422501201.0,0,0
53422501401.0,0,1
53422501501.0,0,0
53422501601.0,0,0
53422501701.0,0,0
53422501801.0,0,1
53422501901.0,0,0
53422501902.0,0,0
53422600201.0,0,1
53422600301.0,0,1
53422600401.0,0,0
53422600701.0,0,0
53422600901.0,0,0
53422601101.0,0,0
53422601202.0,0,0
53422601301.0,0,1
53422601401.0,0,0
53422601501.0,0,0
53422601601.0,0,0
53422601701.0,0,1
53422601801.0,0,0
53422602001.0,0,0
53422602101.0,1,1
53422700101.0,0,1
53422700201.0,0,1
53422700301.0,0,1
53422700401.0,0,0
53422700601.0,0,1
53422700701.0,0,1
53422700901.0,0,0
53422701001.0,0,1
53422701501.0,0,1
53422701701.0,0,1
53422800101.0,0,1
53422800201.0,0,1
53422800301.0,0,1
53422800401.0,0,0
53422800501.0,0,1
53422800601.0,0,0
53422800801.0,0,0
53422801001.0,0,1
53422801101.0,0,1
53422801201.0,1,0
53422900301.0,0,0
53422900601.0,0,1
53422900701.0,0,1
53422900801.0,0,1
53422900802.0,0,0
53422900901.0,0,0
53422900902.0,0,0
53422901001.0,0,1
53422901101.0,0,1
53422901201.0,0,0
53422901401.0,0,1
53422901501.0,0,1
53422901701.0,0,1
53423000101.0,0,1
53423000301.0,0,0
53423000501.0,0,1
53423000801.0,0,1
53423001201.0,0,0
53423001401.0,0,1
53423001701.0,0,1
53423100101.0,0,1
53423100201.0,0,0
53423100301.0,0,1
53423100501.0,0,0
53423100901.0,0,0
53423100902.0,0,1
53423101001.0,0,0
53423101002.0,0,0
53423101003.0,0,1
53423101101.0,0,0
54110100101.0,0,0
54110100201.0,0,0
54110100301.0,0,1
54110100401.0,0,1
54110100501.0,0,1
54110100601.0,0,1
54110100701.0,0,0
54110100801.0,0,1
54110100902.0,0,1
54110200101.0,0,1
54110200201.0,0,1
54110200401.0,0,1
54110200501.0,0,0
54110200601.0,0,0
54110200701.0,0,1
54110200901.0,0,1
54110201101.0,0,1
54110201201.0,0,0
54110201301.0,0,1
54110201401.0,0,0
54110201501.0,0,0
54110201601.0,0,1
54110201701.0,0,1
54110201801.0,0,0
54110400101.0,0,1
54110400201.0,0,1
54110600101.0,0,1
54110700101.0,0,0
54110700301.0,0,1
54110700401.0,0,1
54110700501.0,0,1
54110700601.0,0,0
54111900101.0,0,0
54111900301.0,0,0
54111900401.0,0,1
54111900501.0,0,1
54111900601.0,0,1
54111900701.0,0,1
54111900801.0,0,1
54111900901.0,0,1
54111901001.0,0,0
54111901101.0,0,0
54111901201.0,0,1
54111901301.0,0,0
54111901401.0,0,1
54111901501.0,0,0
54111901601.0,0,1
54111902001.0,0,1
54111902201.0,0,1
54111902301.0,0,0
54111902401.0,0,1
54111902501.0,0,0
54111902601.0,0,1
54111902701.0,0,1
54111902901.0,0,1
54111903001.0,0,0
54111903101.0,0,1
54111903201.0,0,0
54111903301.0,0,0
54112000101.0,0,1
54112000301.0,0,1
54112000401.0,0,1
54112000501.0,0,1
54112000601.0,0,0
54112000801.0,0,1
54112000901.0,0,1
54112001101.0,0,1
54112100101.0,0,0
54112100201.0,0,0
54112100301.0,0,1
54112100401.0,0,1
54112100501.0,0,0
54112100601.0,0,0
54112100701.0,0,0
54112101001.0,0,1
54112101102.0,0,0
54112101201.0,0,1
54112101301.0,0,0
54112101501.0,0,0
54112101701.0,0,1
54112101801.0,0,0
54112101901.0,0,0
54112102001.0,0,1
54112102101.0,0,0
54112102201.0,0,0
54112102301.0,0,0
54112102501.0,0,1
54112102601.0,0,1
54112200101.0,0,1
54112200201.0,0,1
54112200301.0,0,1
54112200401.0,0,1
54112200501.0,0,1
54112200601.0,0,1
54112200801.0,0,0
54112200901.0,0,1
54112400101.0,0,1
54112400201.0,0,1
54112400301.0,0,0
54112400401.0,0,0
54112400501.0,0,0
54112400601.0,0,1
54112400701.0,0,0
54112401101.0,0,0
54112401401.0,0,1
54112401501.0,0,1
54112401601.0,1,1
54112401801.0,0,0
54112401901.0,0,1
54112402001.0,0,0
54112402201.0,0,0
54112402401.0,0,0
54112402501.0,0,0
54112402901.0,0,0
54112403201.0,0,1
54112403301.0,0,1
54112403601.0,0,1
54112403801.0,0,0
54112600101.0,0,1
54112600201.0,0,0
54112600401.0,0,1
54112900101.0,0,1
54112900201.0,0,1
54112900301.0,0,1
54113000201.0,0,1
54113400101.0,0,0
54113600101.0,0,0
54113600501.0,0,1
54113700101.0,0,1
54113700201.0,0,1
54113700301.0,0,1
54113700401.0,0,1
54113700701.0,0,1
54113700801.0,0,0
54113701001.0,0,1
54113701101.0,0,1
54113701201.0,0,1
54113800101.0,0,1
54113800201.0,0,0
54113800301.0,0,0
54113800401.0,0,0
54113800501.0,0,1
54113800601.0,0,0
54113800801.0,0,1
54113800901.0,0,1
54113801001.0,0,1
54113801101.0,0,1
54113801201.0,0,0
54113801301.0,0,0
54113801401.0,0,1
54113801501.0,0,0
54113801502.0,0,0
54113801601.0,0,1
54113801801.0,0,0
54113801901.0,0,0
54113802001.0,0,1
54113802101.0,0,0
54113802301.0,0,0
54113802401.0,0,0
54113802501.0,0,0
54113900101.0,0,1
54113900201.0,0,1
54113900501.0,0,0
54113900601.0,0,1
54113900801.0,0,0
54113900901.0,0,1
54113901101.0,0,0
54113901201.0,0,1
54113901301.0,0,0
54113901401.0,0,1
54113901501.0,0,1
54113901601.0,0,1
54113901701.0,0,0
54113901801.0,0,1
54113901901.0,0,1
54113902001.0,0,0
54113902101.0,0,0
54113902301.0,0,1
54113902501.0,0,0
54113902601.0,0,1
54113902701.0,0,0
54113902801.0,0,1
54113902901.0,0,1
54113903101.0,0,1
54113903201.0,0,1
54113903301.0,0,1
54113903401.0,0,1
54113903501.0,0,1
54113903601.0,0,1
54113903701.0,0,0
54113903801.0,0,1
54113903901.0,0,0
54113904001.0,0,1
54113904101.0,0,0
54113904201.0,0,1
54113904301.0,0,1
54113904401.0,0,0
54113904501.0,0,0
54113904502.0,0,0
54113904601.0,0,1
54113904701.0,0,1
54113904801.0,0,1
54113904901.0,0,0
54113905001.0,0,1
54113905101.0,0,0
54114100101.0,0,1
54114100201.0,0,0
54114600101.0,0,1
54114600201.0,0,1
54114600401.0,0,1
54114600501.0,0,0
54114600601.0,0,1
54204900101.0,0,0
54204900201.0,0,0
54204900301.0,0,1
54204900401.0,0,1
54204900601.0,0,1
54204900701.0,0,0
54204900901.0,0,0
54204901001.0,0,1
54204901101.0,0,0
54204901201.0,0,0
54204901401.0,0,1
54204901501.0,0,1
54204901601.0,0,0
54204901701.0,0,0
54204901801.0,0,1
54204901901.0,0,0
54204902001.0,0,1
54204902101.0,0,1
54204902201.0,0,0
54204902301.0,0,0
54204902401.0,0,0
54204902501.0,0,0
54204902601.0,0,1
54204902701.0,0,0
54204902801.0,0,0
54204902901.0,0,0
54204903001.0,0,0
54204903101.0,0,0
54204903201.0,0,1
54204903401.0,1,1
54204903601.0,0,0
54204903701.0,0,1
54301200101.0,0,0
54301200201.0,0,0
54301200301.0,0,1
54301200401.0,0,0
54301200501.0,0,1
54301200601.0,0,0
54301200701.0,0,0
54301200801.0,0,0
54301201101.0,0,1
54301201301.0,0,1
54301201401.0,0,0
54301201501.0,0,0
54301201601.0,0,0
54301201701.0,0,1
54301201801.0,0,1
54301202201.0,0,0
54301202301.0,0,0
54301202401.0,1,0
54301202501.0,0,1
54301202601.0,0,0
54301202701.0,0,0
54301202801.0,0,0
54301400101.0,0,1
54301400201.0,0,1
54301400301.0,0,1
54301400401.0,0,1
54301400501.0,0,1
54301400601.0,0,1
54301400701.0,0,0
54301400801.0,0,0
54301400901.0,0,1
54301401001.0,0,0
54301401101.0,0,1
54301401201.0,0,1
54301401301.0,0,0
54301401401.0,0,1
54301401501.0,0,1
54301401601.0,0,0
54301600101.0,0,1
54301600201.0,0,1
54301600501.0,0,0
54301600601.0,0,1
54301600701.0,0,0
54301600901.0,0,1
54301601001.0,0,0
54301601201.0,0,1
54301601301.0,0,1
54301601401.0,0,1
54301601501.0,0,1
54301601601.0,0,1
54301601701.0,0,0
54303200101.0,1,0
54303300401.0,0,0
54303300501.0,0,0
54303300601.0,0,0
54303300701.0,0,0
54303300801.0,0,0
54303300901.0,0,1
54304200101.0,0,0
54304800101.0,1,0
54304800201.0,1,0
54305000101.0,1,0
54305100101.0,0,1
54305100201.0,0,0
54305100301.0,1,1
54305100401.0,1,1
54305100501.0,0,0
54305100601.0,0,1
54305100701.0,1,1
54305100802.0,1,0
54305200101.0,0,0
54305400101.0,1,1
54305400201.0,0,0
54305400301.0,0,0
54305400401.0,0,0
54305400501.0,0,0
54305400701.0,0,1
54305400801.0,0,0
54305500101.0,1,0
54305500301.0,0,0
54305500401.0,1,0
54305500501.0,0,0
54305500601.0,1,0
54305700101.0,0,1
54305700201.0,0,0
54305700301.0,0,1
54305700501.0,0,0
54305700601.0,0,0
54305700701.0,0,0
54305700801.0,0,0
54305700901.0,0,1
54305701001.0,0,0
54305701101.0,0,1
54305701201.0,0,0
54305701301.0,1,1
54305900101.0,1,0
54306000101.0,0,0
54306000201.0,0,0
54306000301.0,1,1
54306000401.0,0,0
54306000501.0,0,1
54306100201.0,0,1
54306100301.0,1,0
54420100101.0,0,1
54420100201.0,0,1
54420100301.0,0,0
54420100401.0,0,0
54420100501.0,0,1
54420100701.0,0,1
54420100801.0,0,1
54420100901.0,0,1
54420101001.0,0,0
54420101101.0,0,1
54420200101.0,0,1
54420200401.0,0,0
54420200601.0,0,0
54420200602.0,0,1
54420200801.0,0,0
54420201001.0,0,0
54420201002.0,0,0
54420201301.0,0,0
54420300101.0,0,1
54420300201.0,0,0
54420300301.0,0,0
54420300401.0,0,0
54420300501.0,0,1
54420300601.0,0,1
54420300701.0,0,1
54420300801.0,0,1
54420300901.0,0,0
54420301001.0,0,0
54420301101.0,0,1
54420301201.0,0,0
54420301301.0,0,1
54420301401.0,0,0
54420400101.0,0,1
54420400201.0,0,0
54420400301.0,0,0
54420400401.0,0,0
54420400501.0,0,0
54420400601.0,0,0
54420400701.0,0,1
54420400801.0,0,0
54420400901.0,0,0
54420401001.0,0,0
54420401101.0,0,0
54420401201.0,0,0
54420401301.0,0,0
54420401401.0,0,1
54420401501.0,0,0
54420500101.0,0,0
54420500201.0,0,1
54420500301.0,0,0
54420500401.0,0,1
54420500501.0,0,0
54420500601.0,0,1
54420500801.0,0,0
54420500901.0,0,0
54420501001.0,0,1
54420501101.0,0,1
54420501201.0,0,0
54420501301.0,0,1
54420501501.0,0,0
54420501601.0,0,0
54420501701.0,0,0
54420600101.0,0,0
54420600201.0,0,1
54420600301.0,0,0
54420600401.0,0,1
54420600501.0,0,1
54420600601.0,0,0
54420600701.0,0,1
54420600901.0,0,0
54420601001.0,0,0
54420601101.0,0,0
54420601201.0,0,1
54420601301.0,0,0
54420601401.0,0,0
54420601501.0,0,0
54420601601.0,0,0
54420601701.0,0,1
54420700101.0,0,1
54420700401.0,0,1
54420701101.0,0,0
54420701501.0,0,0
54420701701.0,0,1
54420800101.0,0,0
54420800201.0,0,0
54420800301.0,0,0
54420800401.0,0,1
54420800501.0,0,1
54420800601.0,0,0
54420800801.0,0,0
54420801001.0,0,0
54420801101.0,0,1
54420900601.0,0,1
54420900801.0,0,0
54420900901.0,0,0
54420901001.0,0,0
54420901301.0,0,0
54420901701.0,0,1
54421000101.0,0,0
54421000201.0,0,0
54421000401.0,0,1
54421000501.0,0,0
54421000601.0,0,0
54421000901.0,0,1
54421001001.0,0,1
54421001101.0,0,0
54421001201.0,0,0
54421001301.0,0,0
54421100101.0,0,0
54421100201.0,0,1
54421100301.0,0,0
54421100401.0,0,1
54421100501.0,0,0
54421100701.0,0,1
54421100801.0,0,0
54421100901.0,0,1
54421101001.0,0,0
54421101101.0,0,1
54421101201.0,0,1
54421200101.0,0,0
54421200201.0,0,0
54421200301.0,0,0
54421200401.0,0,0
54421200501.0,0,0
54421200601.0,0,0
54421200701.0,0,0
54421200801.0,0,0
54421201001.0,0,0
54421201101.0,0,0
54421201201.0,0,0
54421201301.0,0,0
54421201401.0,0,1
54421300101.0,0,0
54421300201.0,0,0
54421300301.0,0,0
54421300401.0,0,0
54421300501.0,0,0
54421300601.0,0,1
54421300801.0,0,1
54421300901.0,0,0
54421301001.0,0,1
54421301101.0,0,1
54421400201.0,0,1
54421400301.0,0,0
54421400401.0,0,1
54421400501.0,0,1
54421400801.0,0,1
54421400902.0,0,1
54421401002.0,0,1
54421401302.0,0,1
54421500101.0,0,0
54421500201.0,0,1
54421500401.0,0,0
54421500501.0,0,1
54421500601.0,0,0
54421500701.0,0,0
54421500801.0,0,0
54421500901.0,0,0
54421501001.0,0,0
54421501101.0,0,1
54421501201.0,0,1
54421501301.0,0,1
54421600101.0,1,1
54421600201.0,0,0
54421600401.0,0,0
54421600501.0,0,0
54421600601.0,0,0
54421600701.0,0,1
54421600801.0,0,0
54421600901.0,0,1
54421601001.0,0,0
54421601101.0,0,1
54421601201.0,0,1
54421601301.0,0,0
54421601401.0,0,0
54421700201.0,0,0
54421700301.0,0,0
54421700401.0,0,0
54421700501.0,0,1
54421700601.0,0,0
54421700701.0,0,0
54421700901.0,0,1
54421701001.0,0,0
54421701101.0,0,0
54421701201.0,0,0
54421701301.0,0,0
54421701401.0,0,0
54421800901.0,0,0
54421801001.0,0,0
54421801101.0,0,0
54421801201.0,0,1
54421801301.0,0,1
54421801401.0,0,0
54421801501.0,0,0
54421801601.0,0,0
54421801701.0,0,0
54421900101.0,0,0
54421900201.0,0,1
54421900301.0,0,1
54421900501.0,0,1
54421900601.0,0,1
54421900701.0,0,0
54421900801.0,0,0
54421901001.0,0,0
54421901101.0,0,1
54421901201.0,0,1
54421901301.0,0,1
54421901401.0,0,1
54421901601.0,0,1
54422000101.0,0,0
54422000201.0,0,0
54422000203.0,0,1
54422000301.0,0,0
54422000401.0,0,1
54422000501.0,0,0
54422000601.0,0,0
54422000801.0,0,0
54422000901.0,0,1
54422001001.0,0,0
54422001101.0,0,1
54422001201.0,0,1
54422001301.0,0,1
54422001401.0,0,0
54422001501.0,0,0
54422001601.0,0,1
54422001701.0,0,0
54422001801.0,0,1
54422100202.0,0,1
54422100501.0,0,0
54422100601.0,0,0
54422100701.0,1,1
54422100801.0,0,0
54422101101.0,0,0
54422101201.0,0,0
54422200101.0,0,0
54422200601.0,0,1
54422201001.0,0,1
54422201501.0,0,1
54422201801.0,0,1
54422201901.0,0,1
54422202001.0,0,1
54422300101.0,0,1
54422300201.0,0,1
54422300301.0,0,1
54422300401.0,0,1
54422300501.0,0,0
54422300601.0,0,1
54422300801.0,0,1
54422300901.0,0,1
54422301001.0,0,0
54422301101.0,0,0
54422301201.0,0,1
54422301301.0,0,1
54422301401.0,0,1
54422400201.0,0,0
54422400301.0,0,1
54422400401.0,0,1
54422400501.0,0,1
54422400601.0,0,0
54422400701.0,0,1
54422400801.0,0,1
54422400901.0,0,1
54422401001.0,0,1
54422401101.0,0,1
54422401201.0,0,0
54422401301.0,0,1
54422401401.0,0,1
54422401501.0,0,0
54422500101.0,0,1
54422500201.0,0,1
54422500301.0,0,1
54422500401.0,0,1
54422500601.0,0,0
54422500701.0,0,1
54422500801.0,0,1
54422501001.0,0,1
54422501201.0,0,1
54422501301.0,0,0
54422501401.0,0,1
54422600101.0,0,1
54422600201.0,0,1
54422600301.0,0,1
54422600402.0,0,0
54422600501.0,0,1
54422600701.0,0,1
54422600801.0,0,0
54422600901.0,0,0
54422601001.0,0,1
54422601101.0,0,1
54422601201.0,0,0
54422601301.0,0,1
54422601401.0,0,1
54422601501.0,0,0
54422700101.0,0,1
54422700201.0,0,1
54422700401.0,0,0
54422700501.0,0,0
54422700601.0,0,0
54422700701.0,0,1
54422700801.0,0,1
54422700901.0,0,1
54422701101.0,0,1
54422701201.0,0,1
54422701301.0,0,0
54422701401.0,0,0
54422800101.0,0,1
54422800201.0,0,1
54422800301.0,0,1
54422800401.0,0,1
54422800501.0,0,1
54422800601.0,0,1
54422800701.0,0,1
54422800801.0,0,0
54422800901.0,0,0
54422801101.0,0,0
54422801201.0,0,1
54422801301.0,0,1
54422801401.0,0,1
54422900101.0,0,0
54422900201.0,0,1
54422900301.0,0,1
54422900401.0,0,1
54422900501.0,0,1
54422900601.0,0,1
54422900701.0,0,1
54422900801.0,0,1
54422900901.0,0,1
54422901001.0,0,1
54422901101.0,0,1
54422901301.0,0,1
54423000101.0,0,1
54423000201.0,0,0
54423000301.0,0,1
54423000401.0,0,0
54423000501.0,0,1
54423000601.0,0,0
54423000701.0,0,0
54423000801.0,0,1
54423000901.0,0,1
54423001001.0,0,1
54423001101.0,0,0
54423100101.0,0,0
54423100401.0,0,0
54423100503.0,0,0
54423100701.0,0,1
54423100801.0,0,0
54423100802.0,0,0
54423100804.0,0,1
54423100901.0,0,0
54423101001.0,0,0
54423101101.0,0,1
54423101201.0,0,1
54423101401.0,0,1
54423101501.0,0,1
54423101601.0,0,1
54423200301.0,0,0
54423200401.0,0,0
54423200501.0,0,1
54423200601.0,0,1
54423201001.0,0,1
54423300101.0,0,1
54423300301.0,0,1
54423300401.0,0,1
54423300503.0,0,1
54423300801.0,0,1
54423300901.0,0,1
54423301001.0,0,0
54423301101.0,0,1
54423301401.0,0,1
54423301502.0,0,1
54423301503.0,0,1
54423301507.0,0,0
54423301601.0,0,0
54423301701.0,0,1
54423400101.0,0,0
54423400201.0,0,1
54423400301.0,0,0
54423400401.0,0,0
54423400501.0,0,1
54423400601.0,0,1
54423400701.0,0,1
54423400901.0,0,1
54423401001.0,0,1
54423401101.0,0,1
54423401301.0,0,1
54423500101.0,0,1
54423500201.0,0,0
54423500301.0,0,0
54423500401.0,0,0
54423500501.0,0,0
54423500601.0,0,0
54423500701.0,0,0
54423500801.0,0,0
54423500901.0,0,0
54423501101.0,0,0
54423501201.0,0,0
54423501301.0,0,0
54423501401.0,0,1
54423501501.0,0,1
54423501601.0,0,1
54423600101.0,0,1
54423600201.0,0,0
54423600301.0,0,1
54423600401.0,0,0
54423600501.0,0,0
54423600601.0,0,0
54423600801.0,0,0
54423600901.0,0,1
54423601001.0,0,0
54423601201.0,0,0
54423601202.0,0,1
54423601301.0,0,0
54423601401.0,0,0
54423601501.0,0,1
54423700101.0,0,0
54423700301.0,0,0
54423700401.0,0,0
54423700501.0,0,0
54423700601.0,0,1
54423700701.0,0,0
54423700702.0,0,1
54423700703.0,0,0
54423700801.0,0,0
54423700901.0,0,1
54423701101.0,0,1
54423701301.0,0,1
54423701601.0,0,1
54423701701.0,0,1
54423800201.0,0,0
54423800301.0,0,0
54423800401.0,0,1
54423800501.0,0,0
54423800601.0,0,0
54423800701.0,0,1
54423800801.0,0,0
54423801001.0,0,0
54423801101.0,0,0
54423801201.0,0,1
54423801301.0,0,0
54423900101.0,0,1
54423900201.0,0,0
54423900301.0,0,1
54423900401.0,0,0
54423900501.0,0,1
54423900601.0,0,1
54423900701.0,0,1
54423900801.0,0,1
54423900901.0,0,1
54423901001.0,0,1
54424000101.0,0,0
54424000201.0,0,1
54424000301.0,0,0
54424000401.0,0,1
54424000501.0,0,1
54424000601.0,0,1
54424000701.0,0,1
54424000801.0,0,1
54424000901.0,0,0
54424001001.0,0,1
54424001101.0,0,0
54424001201.0,0,1
54424001301.0,0,1
54424001401.0,0,1
54424001501.0,0,1
54424100101.0,0,1
54424100201.0,0,1
54424100301.0,0,1
54424100401.0,0,0
54424100501.0,0,1
54424100601.0,0,0
54424100701.0,0,1
54424100801.0,0,1
54424100901.0,0,1
54424101001.0,0,1
54424101101.0,0,0
54424101201.0,0,0
54424101301.0,0,1
54424200801.0,0,1
54424200901.0,0,1
54424201101.0,0,0
54424201201.0,0,0
54424201501.0,0,1
54424201701.0,0,1
54424201901.0,0,1
54424300101.0,0,1
54424300201.0,0,1
54424300301.0,0,1
54424300501.0,0,1
54424300601.0,0,0
54424300701.0,0,0
54424300801.0,0,0
54424300901.0,0,1
54424301101.0,0,1
54424301102.0,0,0
54424301201.0,0,0
54424301301.0,0,1
54424301401.0,0,0
54424301501.0,0,1
54424301601.0,0,0
54424301602.0,0,0
54424400101.0,0,1
54424400301.0,0,0
54424400601.0,0,1
54424400701.0,0,0
54424400801.0,0,0
54424400902.0,0,0
54424401001.0,0,0
54424401101.0,0,1
54424401201.0,0,1
54424401301.0,0,1
54424401501.0,0,1
54424500101.0,0,0
54424500401.0,0,1
54424500501.0,0,1
54424500601.0,0,1
54424500701.0,0,1
54424500901.0,0,0
54424501101.0,0,0
54424501201.0,0,1
54424600101.0,0,1
54424600301.0,0,1
54424600401.0,0,1
54424600601.0,0,0
54424600701.0,0,0
54424600801.0,0,1
54424600901.0,0,1
54424700101.0,0,0
54424700201.0,0,0
54424700301.0,0,0
54424700401.0,0,0
54424700501.0,0,0
54424700601.0,0,1
54424700701.0,0,1
54424700801.0,0,0
54424700901.0,0,0
54424701101.0,0,0
54424701401.0,0,0
54424701501.0,0,0
54424701601.0,0,0
54424701701.0,0,0
55110600101.0,0,1
55110600201.0,0,1
55110600301.0,0,0
55110600401.0,0,1
55110600501.0,0,1
55110600601.0,0,1
55110600701.0,0,1
55110600801.0,0,1
55110601001.0,0,1
55110700201.0,0,0
55110700401.0,0,0
55110700501.0,0,1
55110700601.0,0,1
55110700701.0,0,1
55110700801.0,0,1
55110700901.0,0,1
55110701001.0,0,0
55110701101.0,0,1
55110701201.0,0,0
55110701401.0,0,0
55110701501.0,0,0
55110701601.0,0,1
55110701701.0,0,0
55110701801.0,0,0
55110701901.0,0,0
55110702001.0,0,1
55110702101.0,0,1
55110702201.0,0,1
55110702401.0,0,1
55110702701.0,0,1
55110702901.0,0,1
55110703001.0,0,0
55110703201.0,0,0
55110703301.0,0,0
55110703401.0,0,1
55110703501.0,0,0
55110703701.0,0,1
55110703801.0,0,0
55110703901.0,0,0
55110704001.0,0,0
55111100101.0,0,1
55111100201.0,0,1
55111100501.0,0,1
55111100601.0,0,1
55111600101.0,0,1
55111600201.0,0,0
55111600301.0,0,0
55111600401.0,0,0
55111600501.0,0,1
55111600601.0,0,1
55111600701.0,0,0
55111600901.0,0,1
55111601001.0,0,1
55111601101.0,0,1
55111601201.0,0,1
55111601301.0,0,1
55111601401.0,0,1
55111601501.0,0,0
55112500101.0,0,1
55112500301.0,0,1
55112500501.0,0,1
55112500601.0,0,1
55112500701.0,0,0
55112500801.0,0,1
55112500901.0,0,1
55112501001.0,0,0
55112501101.0,0,1
55112501201.0,0,1
55112501301.0,0,1
55112501401.0,0,1
55112501501.0,0,1
55112501801.0,0,1
55112501901.0,0,1
55112502101.0,0,1
55112502201.0,0,1
55112502301.0,0,1
55112502401.0,0,1
55112502501.0,0,1
55112502601.0,0,1
55112600101.0,0,1
55112600201.0,0,1
55112600301.0,0,1
55112600401.0,0,1
55112600501.0,0,0
55112600601.0,0,0
55112600801.0,0,1
55112600901.0,0,1
55112601001.0,0,1
55112601101.0,0,0
55112601201.0,0,1
55112601301.0,0,1
55112601401.0,0,1
55112800101.0,0,1
55112800501.0,0,1
55112800601.0,0,1
55112800701.0,0,1
55112800801.0,0,1
55112800901.0,0,1
55112801101.0,0,1
55112801201.0,0,1
55112801301.0,0,1
55112801401.0,0,1
55112801501.0,0,1
55112801601.0,0,1
55112900101.0,0,1
55112900301.0,0,1
55112900401.0,0,1
55112900501.0,0,0
55112900601.0,0,1
55112900701.0,0,1
55113000101.0,0,0
55113000201.0,0,1
55113000301.0,0,1
55113000401.0,0,0
55113000501.0,0,1
55113000601.0,0,1
55113000701.0,0,1
55113000801.0,0,1
55113000901.0,0,0
55113001001.0,0,0
55113001101.0,0,1
55113001201.0,0,0
55113001301.0,0,0
55113001401.0,0,1
55113001501.0,0,0
55113001601.0,0,0
55113001701.0,0,1
55113001801.0,0,0
55113001901.0,0,0
55113002001.0,0,0
55113002101.0,0,0
55113002201.0,0,1
55113002301.0,0,0
55113002401.0,0,0
55113002501.0,0,1
55113002601.0,0,0
55113002701.0,0,0
55113002801.0,0,1
55113002901.0,0,0
55113400101.0,0,1
55113400201.0,0,1
55113400301.0,0,1
55113400401.0,0,0
55113400501.0,0,0
55113500101.0,0,0
55113500201.0,0,1
55113500301.0,0,1
55113500401.0,0,1
55113600101.0,0,1
55113800101.0,0,0
55113800401.0,0,1
55113800501.0,0,0
55113800601.0,0,1
55113800701.0,0,1
55113800901.0,0,1
55113801001.0,0,1
55113801101.0,0,1
55114300101.0,0,1
55114300201.0,0,1
55114300301.0,0,1
55114300401.0,0,1
55114300501.0,0,1
55114300601.0,0,0
55114300701.0,0,0
55114300901.0,1,1
55114301001.0,0,0
55114301101.0,0,1
55114301201.0,0,1
55305100101.0,0,0
55305100201.0,0,1
55305100301.0,0,1
55305100401.0,0,1
55305100701.0,0,0
55305100801.0,0,0
55305101101.0,0,1
55305101201.0,0,1
55305101301.0,0,1
55305101402.0,0,0
55305101801.0,0,1
55305101901.0,0,0
55305102001.0,0,1
55305102101.0,0,1
55305102301.0,0,1
55305103201.0,0,0
55305103501.0,0,1
55305103801.0,0,1
55305200101.0,0,1
55305200301.0,0,1
55305200501.0,0,0
55305200601.0,0,1
55305201101.0,0,0
55305201401.0,0,0
55305201501.0,0,1
55305201901.0,0,0
55305202001.0,0,0
55305202201.0,0,1
55305202401.0,0,0
55305202501.0,0,1
55305202601.0,0,0
55305202801.0,0,1
55305202901.0,0,0
55305203001.0,0,1
55305203101.0,0,1
55305203201.0,0,1
55305203301.0,0,1
55305203401.0,0,0
55305203501.0,0,1
55305203601.0,0,0
55305203701.0,0,0
55305203801.0,0,1
55305203901.0,0,0
55305204001.0,0,0
55305204101.0,0,0
55305204201.0,0,1
55305204301.0,0,1
55305204401.0,0,1
55305204501.0,0,1
55305204701.0,0,1
55305204801.0,0,1
55305205001.0,0,0
55305205101.0,0,1
55305205301.0,0,0
55305205401.0,0,1
55305205501.0,0,0
55305205701.0,0,1
55305205801.0,0,1
55305205901.0,0,1
55305205902.0,0,1
55305206101.0,0,1
55305206201.0,0,1
55305206301.0,0,1
55305206401.0,0,0
55305206501.0,0,1
55305206601.0,0,1
55305206701.0,0,0
55305206801.0,0,1
55305207001.0,0,1
55305207101.0,0,0
55305207201.0,0,1
55305207301.0,0,1
55305207501.0,0,1
55305207701.0,0,1
55305207801.0,0,0
55305207901.0,0,1
55305208001.0,0,1
55305208101.0,0,0
55305208201.0,0,0
55305208301.0,0,1
55305208401.0,0,1
55305400101.0,0,1
55305400301.0,0,1
55305400501.0,0,1
55305400601.0,0,1
55305400801.0,0,0
55305400901.0,0,1
55305401001.0,0,0
55305401101.0,0,1
55305401201.0,0,1
55305401301.0,0,1
55305401401.0,0,1
55305401501.0,0,1
55305401601.0,0,1
55305401701.0,0,1
55305401801.0,0,1
55305401901.0,0,1
55305402101.0,0,0
55305402201.0,0,1
55305402301.0,0,0
55305402501.0,0,0
55305402601.0,0,1
55305402701.0,0,0
55305402801.0,0,0
55305402901.0,0,0
55305403001.0,0,1
55305403101.0,0,0
55305403301.0,0,0
55305403401.0,0,0
55305403501.0,0,1
55305403601.0,0,0
55305403701.0,0,0
55305403801.0,0,1
55305404001.0,0,1
55305404101.0,0,0
55305404201.0,0,1
55305404301.0,0,1
55305404401.0,0,1
55305404501.0,0,1
55305404601.0,0,1
55305404701.0,0,1
55305404801.0,0,1
55305404901.0,0,0
55305405001.0,0,0
55305405101.0,0,0
55305405301.0,0,0
55305405401.0,0,1
55305405501.0,0,0
55305405601.0,0,1
55305405701.0,0,1
55305405801.0,0,0
55305405901.0,0,0
55305406001.0,0,1
55305406201.0,0,1
55305406301.0,0,0
55305406501.0,0,0
55305406801.0,0,0
55305406901.0,0,1
55305407001.0,0,0
55305407101.0,0,1
55305407201.0,0,0
55305407301.0,0,1
55305407401.0,0,1
55420100101.0,0,0
55420100201.0,0,1
55420100301.0,0,1
55420100401.0,0,1
55420100501.0,0,1
55420100601.0,0,1
55420100801.0,0,1
55420100901.0,0,1
55420101001.0,0,1
55420101201.0,0,1
55420101301.0,0,1
55420101401.0,0,1
55420101501.0,0,0
55420101601.0,0,1
55420101701.0,0,1
55420200101.0,0,0
55420200201.0,0,0
55420200401.0,0,1
55420200501.0,0,1
55420200601.0,0,0
55420200701.0,0,1
55420200801.0,0,1
55420200901.0,0,1
55420201001.0,0,0
55420201201.0,0,1
55420201301.0,0,1
55420300101.0,0,1
55420300201.0,0,1
55420300301.0,0,1
55420300401.0,0,1
55420300501.0,0,0
55420300601.0,0,1
55420300701.0,0,1
55420300801.0,0,1
55420300901.0,0,1
55420301001.0,0,1
55420301101.0,0,1
55420301201.0,0,1
55420400101.0,0,1
55420400201.0,0,1
55420400301.0,0,1
55420400401.0,0,1
55420400501.0,0,1
55420400601.0,0,1
55420400701.0,0,1
55420400801.0,0,1
55420400901.0,0,1
55420401001.0,0,1
55420401101.0,0,1
55420401201.0,0,1
55420401301.0,0,1
55420401401.0,0,1
55420401501.0,0,1
55420500101.0,0,1
55420500201.0,0,1
55420500301.0,0,0
55420500401.0,0,1
55420500501.0,0,0
55420500601.0,0,1
55420500701.0,0,1
55420500801.0,0,1
55420501001.0,0,0
55420501002.0,0,0
55420501201.0,0,1
55420501301.0,0,0
55420600101.0,0,1
55420600201.0,0,1
55420600301.0,0,0
55420600401.0,0,0
55420600601.0,0,1
55420600701.0,0,1
55420600901.0,0,1
55420601001.0,0,0
55420601101.0,0,1
55420601201.0,0,0
55420601301.0,0,1
55420601501.0,0,1
55420601701.0,0,1
55420601801.0,0,1
55420601901.0,0,1
55420602001.0,0,1
55420602101.0,0,1
55420700101.0,0,1
55420700201.0,0,1
55420700301.0,0,1
55420700401.0,0,0
55420700501.0,0,0
55420700601.0,0,0
55420700801.0,0,1
55420700901.0,0,1
55420701001.0,0,1
55420701101.0,0,1
55420701301.0,0,1
55420701401.0,0,0
55420701501.0,0,1
55420800101.0,0,1
55420800201.0,0,1
55420800401.0,0,0
55420800501.0,0,1
55420800701.0,0,1
55420801001.0,0,1
55420801101.0,0,1
55420801201.0,0,0
55420801301.0,0,1
55420900101.0,0,0
55420900401.0,0,0
55420901101.0,0,1
55420901301.0,0,0
55420901401.0,0,1
55421000201.0,0,1
55421000301.0,0,1
55421000401.0,0,0
55421000601.0,0,1
55421000701.0,1,1
55421000801.0,0,0
55421001001.0,0,1
55421001101.0,0,0
55421001201.0,0,1
55421001501.0,0,0
55421001601.0,0,0
55421100101.0,0,1
55421100201.0,0,1
55421100301.0,0,1
55421100401.0,0,1
55421100501.0,0,1
55421100601.0,0,1
55421100701.0,0,1
55421100801.0,0,0
55421100901.0,0,1
55421101001.0,0,1
55421101101.0,0,1
55421101201.0,0,1
55421101301.0,0,1
55421101401.0,0,1
55421101501.0,0,0
55421200101.0,0,1
55421200201.0,0,1
55421200301.0,0,0
55421200401.0,0,1
55421200501.0,0,0
55421200601.0,0,1
55421200701.0,0,1
55421200801.0,0,1
55421200901.0,0,1
55421201001.0,0,1
55421201101.0,0,1
55421201201.0,0,0
55421201401.0,0,0
55421201501.0,0,1
55421300101.0,0,1
55421300201.0,0,1
55421300301.0,0,1
55421300501.0,0,1
55421300601.0,0,1
55421300701.0,0,1
55421300801.0,0,1
55421300901.0,0,1
55421301001.0,0,0
55421301101.0,0,1
55421301201.0,0,1
55421301301.0,0,1
55421301401.0,0,0
55421400101.0,0,1
55421400301.0,0,1
55421400401.0,0,1
55421400501.0,0,1
55421400601.0,0,1
55421400801.0,0,1
55421400901.0,0,1
55421401001.0,0,1
55421401101.0,0,1
55421401201.0,0,1
55421401301.0,0,1
55421401401.0,0,1
55421500101.0,0,1
55421500201.0,0,0
55421500301.0,0,0
55421500401.0,0,1
55421500501.0,0,1
55421500601.0,0,0
55421500801.0,0,0
55421500901.0,0,0
55421501001.0,0,1
55421501201.0,0,0
55421501301.0,0,1
55421501401.0,0,1
55421600601.0,0,1
55421600701.0,0,1
55421600702.0,0,1
55421600801.0,0,1
55421601001.0,0,1
55421601101.0,0,1
55421601201.0,0,0
55421700101.0,0,0
55421700301.0,0,1
55421700401.0,0,1
55421700501.0,0,1
55421700601.0,0,1
55421700701.0,0,1
55421700801.0,0,1
55421701001.0,0,1
55421701101.0,0,0
55421701201.0,0,1
55421701301.0,0,0
55421800101.0,0,0
55421800301.0,0,1
55421800401.0,0,1
55421800501.0,0,1
55421800601.0,0,1
55421800701.0,0,0
55421800801.0,0,1
55421800901.0,0,0
55421801001.0,0,0
55421801201.0,0,1
55421801301.0,0,0
55421900101.0,0,1
55421900201.0,0,0
55421900301.0,0,1
55421900401.0,0,0
55421900501.0,0,1
55421900601.0,0,1
55421900701.0,0,1
55421900801.0,0,1
55421900901.0,0,1
55421901101.0,0,1
55421901201.0,0,1
55421901301.0,0,1
55421901401.0,0,0
55421901501.0,0,0
55421901601.0,0,1
55421901701.0,0,1
55421901801.0,0,1
55422000101.0,0,1
55422000201.0,0,0
55422000301.0,0,1
55422000501.0,0,1
55422000601.0,0,1
55422000701.0,0,1
55422000801.0,0,1
55422000901.0,0,1
55422001001.0,0,1
55422001301.0,0,1
55422001401.0,0,1
55422001501.0,0,0
55422001601.0,0,0
55422100101.0,0,0
55422100401.0,0,0
55422100701.0,0,1
55422100801.0,0,1
55422101101.0,0,1
55422101201.0,0,1
55422200101.0,0,1
55422200201.0,0,1
55422200301.0,0,1
55422200401.0,0,1
55422200501.0,0,0
55422200701.0,0,1
55422200801.0,0,1
55422200901.0,0,1
55422201001.0,0,1
55422201101.0,0,1
55422201201.0,0,1
55422201301.0,0,1
55422201401.0,0,1
55422300101.0,0,1
55422300201.0,0,0
55422300301.0,0,1
55422300401.0,0,1
55422300501.0,0,0
55422300601.0,0,0
55422300701.0,0,1
55422300901.0,0,1
55422301001.0,0,1
55422301101.0,0,1
55422301201.0,0,1
55422301301.0,0,1
55422301401.0,0,1
55422301501.0,0,1
55422301601.0,0,1
55422301701.0,0,0
55422301801.0,0,0
55422301901.0,0,0
55422302101.0,0,1
55422400101.0,0,1
55422400401.0,0,1
55422400501.0,0,1
55422400801.0,0,1
55422400901.0,0,1
55422401001.0,0,0
55422401201.0,0,1
55422401301.0,0,1
55422401401.0,0,1
55422401501.0,0,1
55422500101.0,0,1
55422500201.0,0,0
55422500301.0,0,1
55422500901.0,0,1
55422600101.0,0,0
55422600102.0,0,1
55422600103.0,0,1
55422600301.0,0,0
55422600401.0,0,1
55422600501.0,0,1
55422600601.0,0,1
55422600801.0,0,1
55422600901.0,0,0
55422601001.0,0,1
55422601101.0,0,0
55422601201.0,0,1
55422601301.0,0,1
55422601401.0,0,1
55422601501.0,0,1
55422601601.0,0,1
55422700101.0,0,1
55422700201.0,0,1
55422700301.0,0,1
55422700401.0,0,1
55422700501.0,0,1
55422700601.0,0,0
55422700701.0,0,0
55422700801.0,0,1
55422700901.0,0,1
55422701001.0,0,1
55422701101.0,0,1
55422701201.0,0,1
55422701301.0,0,1
55422701401.0,0,1
55422701501.0,0,1
55422800101.0,0,1
55422800201.0,0,1
55422800301.0,0,1
55422800401.0,0,1
55422800501.0,0,1
55422800601.0,0,1
55422800701.0,0,1
55422800801.0,0,1
55422800901.0,0,0
55422801001.0,0,0
55422801201.0,0,1
55422801301.0,0,1
55422801401.0,0,1
55422900101.0,0,1
55422900201.0,0,1
55422900301.0,0,1
55422900401.0,0,1
55422900601.0,0,1
55422900701.0,0,1
55422900801.0,0,1
55422900901.0,0,1
55422901001.0,0,1
55422901101.0,0,1
55422901201.0,0,1
55422901301.0,0,1
55422901401.0,0,1
55423000101.0,0,1
55423000201.0,0,1
55423000301.0,0,0
55423000401.0,0,1
55423000501.0,0,0
55423000601.0,0,1
55423000801.0,0,1
55423000901.0,0,1
55423001001.0,0,1
55423001101.0,0,1
55423001301.0,0,0
55423001401.0,0,0
55423001501.0,0,0
55423100201.0,0,1
55423100401.0,0,0
55423100601.0,0,1
55423100701.0,0,1
55423101001.0,0,1
55423101101.0,0,1
55423101201.0,0,0
55423101401.0,0,1
55423200101.0,0,1
55423200301.0,0,0
55423200401.0,0,1
55423200501.0,0,0
55423200601.0,0,0
55423200901.0,0,1
55423201001.0,0,1
55423201101.0,0,0
55423201201.0,0,0
55423201301.0,0,1
55423201401.0,0,1
55423201501.0,0,1
55423300301.0,0,0
55423300401.0,0,1
55423300501.0,0,1
55423300601.0,0,1
55423300801.0,0,1
55423300901.0,0,1
55423301001.0,0,1
55423301301.0,0,1
55423301501.0,0,0
55423301601.0,0,1
55423400101.0,0,1
55423400201.0,0,0
55423400301.0,0,1
55423400401.0,0,1
55423400501.0,0,0
55423400601.0,0,1
55423400701.0,0,0
55423400901.0,0,1
55423401101.0,0,1
55423401201.0,0,1
55423401301.0,0,0
55423401401.0,0,0
55423401501.0,0,1
55423500101.0,0,1
55423500201.0,0,1
55423500301.0,0,0
55423500501.0,0,0
55423500601.0,0,1
55423500701.0,0,0
55423500801.0,0,0
55423500901.0,0,0
55423501001.0,0,0
55423501101.0,0,0
55423501201.0,0,0
55423501301.0,0,0
55423501401.0,0,1
55423501501.0,0,0
55423501601.0,0,1
55423600101.0,0,0
55423600201.0,0,1
55423600301.0,0,1
55423600401.0,0,0
55423600501.0,0,0
55423600601.0,0,1
55423600701.0,0,0
55423600801.0,0,0
55423600901.0,0,1
55423601001.0,0,0
55423601101.0,0,1
55423601201.0,0,0
55423601301.0,0,1
55423601401.0,0,1
55423601501.0,0,1
55423601601.0,0,1
55423700101.0,0,1
55423700201.0,0,1
55423700301.0,0,1
55423700501.0,0,1
55423700601.0,0,1
55423700701.0,0,1
55423700801.0,0,1
55423700901.0,0,1
55423701001.0,0,1
55423701101.0,0,1
55423701201.0,0,1
55423701301.0,0,1
55423800101.0,0,0
55423800201.0,0,0
55423800301.0,0,0
55423800401.0,0,1
55423800501.0,0,0
55423800601.0,0,0
55423800701.0,0,0
55423800801.0,0,0
55423800901.0,0,1
55423801001.0,0,1
55423801101.0,0,0
55423801301.0,0,1
55423801401.0,0,1
55423801501.0,0,1
55423900401.0,0,1
55423900501.0,0,1
55423900701.0,0,1
55423900801.0,0,0
55423900901.0,0,1
55423901001.0,0,1
55423901201.0,0,1
55423901301.0,0,1
55424000101.0,0,1
55424000201.0,0,1
55424000301.0,0,1
55424000401.0,0,1
55424000601.0,0,0
55424000701.0,0,0
55424000801.0,0,0
55424001001.0,0,1
55424001101.0,0,1
55424001201.0,0,1
55424001301.0,0,0
55424100101.0,0,1
55424100301.0,0,0
55424100501.0,0,1
55424100601.0,0,1
55424100801.0,0,1
55424100901.0,0,1
55424101201.0,0,1
55424101301.0,0,1
55424101401.0,0,1
55424101501.0,0,1
55424101601.0,0,1
55424101701.0,0,1
55424200201.0,0,0
55424200301.0,0,1
55424200401.0,0,0
55424200501.0,0,1
55424200601.0,0,1
55424200701.0,0,0
55424200901.0,0,0
55424201001.0,0,1
55424201101.0,0,1
55424201201.0,0,1
55424201301.0,0,1
55424300101.0,0,1
55424300201.0,0,1
55424300301.0,0,1
55424300401.0,0,1
55424300501.0,0,1
55424300601.0,0,1
55424300901.0,0,1
55424301001.0,0,1
55424301101.0,0,0
55424301401.0,0,0
55424400101.0,0,1
55424400201.0,0,0
55424400301.0,0,0
55424400401.0,0,1
55424400501.0,0,0
55424400601.0,0,1
55424400801.0,0,0
55424400901.0,0,1
55424401001.0,0,1
55424401101.0,0,1
55424401201.0,0,0
55424401301.0,0,0
55424500101.0,0,1
55424500201.0,0,1
55424500301.0,0,0
55424500401.0,0,1
55424500501.0,0,0
55424500601.0,0,1
55424500701.0,0,1
55424500801.0,0,1
55424500901.0,0,0
55424501001.0,0,1
55424501101.0,0,1
55424501201.0,0,1
55424501301.0,0,1
55424600101.0,0,1
55424600201.0,0,1
55424600401.0,0,0
55424600501.0,0,1
55424600601.0,0,0
55424600701.0,0,0
55424600801.0,0,1
55424601001.0,0,1
55424601101.0,0,0
55424601201.0,0,1
55424700601.0,0,0
55424700901.0,0,1
55424701001.0,0,1
55424701101.0,0,1
55424701201.0,0,0
55424701301.0,0,1
55424701401.0,0,0
55424701501.0,0,0
55424701601.0,0,0
55424800201.0,0,1
55424800401.0,0,1
55424800601.0,0,0
55424800801.0,0,0
55424800901.0,0,1
55424801001.0,0,1
55424801101.0,0,0
55424801301.0,0,1
55424801401.0,0,1
55424801501.0,0,1
55424801701.0,0,1
55424801801.0,0,1
55424801901.0,0,1
55424900101.0,0,0
55424900201.0,0,0
55424900301.0,0,1
55424900401.0,0,0
55424900501.0,0,0
55424900601.0,0,1
55424900701.0,0,1
55424900801.0,0,0
55424900901.0,0,0
55424901001.0,0,0
55424901101.0,0,0
55424901201.0,0,1
55424901301.0,0,0
55425000101.0,0,0
55425000301.0,0,0
55425000401.0,0,0
55425000601.0,0,0
55425000701.0,0,1
55425000901.0,0,1
55425001001.0,0,1
55425001101.0,0,0
55425001201.0,0,1
55425001301.0,0,0
55425100101.0,0,1
55425100201.0,0,1
55425100401.0,0,1
55425100501.0,0,1
55425100601.0,0,1
55425100701.0,0,1
55425100801.0,0,0
55425100901.0,0,1
55425101001.0,0,1
55425101101.0,0,0
55425101201.0,0,1
55425101301.0,0,0
55425101401.0,0,1
55425101501.0,0,1
55425200102.0,0,0
55425200301.0,0,1
55425200401.0,0,0
55425200601.0,0,0
55425200701.0,0,1
55425200801.0,0,0
55425200901.0,0,0
55425201101.0,0,1
55425201201.0,0,0
55425201401.0,0,0
56110300101.0,0,1
56110300201.0,0,1
56110300501.0,0,1
56110300701.0,0,1
56110300801.0,0,1
56110300901.0,0,1
56110301001.0,0,1
56110301101.0,0,1
56110301301.0,0,0
56110400101.0,0,1
56110400201.0,0,1
56110400301.0,0,1
56110400501.0,0,1
56110600101.0,0,1
56110600201.0,0,1
56110600301.0,0,1
56110600401.0,0,1
56110600501.0,0,0
56110600601.0,0,1
56110600701.0,0,1
56110600801.0,0,1
56110600901.0,0,1
56110601001.0,0,1
56110601101.0,0,1
56110601201.0,0,1
56110601301.0,0,1
56110601401.0,0,0
56110601501.0,0,1
56110601601.0,0,0
56110601801.0,0,1
56110601901.0,0,1
56110602001.0,0,1
56110602101.0,0,1
56110602201.0,0,1
56110602301.0,0,1
56110602401.0,0,1
56110602501.0,0,1
56110602601.0,0,1
56110602701.0,0,0
56110602801.0,0,1
56110603001.0,0,1
56110700101.0,0,0
56110700201.0,0,1
56110700301.0,0,1
56110700401.0,0,1
56110700501.0,0,1
56110700601.0,0,1
56110700701.0,0,1
56110700801.0,0,0
56110700901.0,0,0
56110701001.0,0,1
56110701201.0,0,1
56110701301.0,0,1
56110701401.0,0,0
56110701501.0,0,0
56110701601.0,0,1
56110701701.0,0,1
56110701801.0,0,1
56110701901.0,0,1
56110702001.0,0,1
56110702101.0,0,1
56110702301.0,0,1
56110702401.0,0,1
56110702501.0,0,1
56110702601.0,0,0
56110702701.0,0,1
56110702801.0,0,1
56110702901.0,0,1
56110900101.0,0,1
56110900201.0,0,1
56110900301.0,0,1
56111100101.0,0,1
56111100201.0,0,1
56111100301.0,0,1
56111100401.0,0,1
56111100501.0,0,1
56111100601.0,0,1
56111100701.0,0,1
56111100801.0,0,0
56111100901.0,0,1
56111101001.0,0,1
56111101101.0,0,1
56111101201.0,0,1
56111101301.0,0,1
56111101501.0,0,1
56111101601.0,0,1
56111101701.0,0,1
56111101901.0,0,1
56111102101.0,0,1
56111102201.0,0,1
56111102301.0,0,1
56111102501.0,0,0
56111102601.0,0,1
56111102701.0,0,1
56111300101.0,0,1
56111300201.0,0,1
56111300301.0,0,0
56111300401.0,0,0
56111400101.0,0,1
56111400201.0,0,1
56111400301.0,0,1
56111400501.0,0,0
56111400601.0,0,1
56111400701.0,0,1
56111400801.0,0,1
56111401001.0,0,1
56111401101.0,0,1
56111401201.0,0,1
56111401401.0,0,1
56111401501.0,0,1
56111500101.0,0,1
56111500201.0,1,1
56111600101.0,0,1
56111600201.0,0,1
56111600301.0,0,1
56111600501.0,0,0
56111600601.0,0,1
56111600701.0,0,1
56111600801.0,0,1
56111600901.0,0,1
56111601001.0,0,0
56111601101.0,0,1
56111601201.0,0,1
56111601301.0,0,0
56111601401.0,0,1
56111601601.0,0,1
56111601701.0,0,1
56111601801.0,0,1
56111601901.0,0,1
56111602001.0,0,0
56111700101.0,0,1
56111700201.0,0,0
56111700401.0,0,1
56111700601.0,0,1
56111700701.0,0,1
56111700801.0,0,1
56111701001.0,0,1
56111701101.0,0,1
56111701201.0,0,1
56111701301.0,0,1
56111701401.0,0,0
56111701501.0,0,1
56111701601.0,0,1
56111701701.0,0,1
56111701801.0,0,1
56111701901.0,0,1
56111702001.0,0,1
56111702101.0,0,1
56111702301.0,0,1
56111702501.0,0,0
56111702601.0,0,0
56111702701.0,0,1
56111702801.0,0,1
56111702901.0,0,0
56111703201.0,0,0
56111703301.0,0,1
56111703401.0,0,0
56111703701.0,0,1
56111703801.0,0,1
56111704001.0,0,1
56111704101.0,0,1
56111704201.0,0,0
56111704301.0,0,1
56111900101.0,0,1
56111900301.0,0,1
56111900401.0,0,1
56111900501.0,0,1
56111900601.0,0,1
56111900701.0,0,1
56111900801.0,0,1
56111900901.0,0,1
56111901001.0,0,1
56111901101.0,0,1
56112000101.0,0,1
56112000202.0,0,1
56112000301.0,0,1
56112000401.0,0,1
56112000501.0,0,0
56112000601.0,0,1
56112000801.0,0,1
56112001001.0,0,1
56112100101.0,0,1
56112100201.0,0,1
56112100401.0,0,1
56112100501.0,0,1
56112100601.0,0,1
56112100701.0,0,1
56112100801.0,0,1
56112100901.0,0,1
56112101001.0,0,0
56112101201.0,0,1
56112101301.0,0,1
56112101401.0,0,1
56112101501.0,0,1
56112101701.0,0,1
56112101801.0,0,1
56112101901.0,0,1
56112102001.0,0,1
56112102101.0,0,0
56112102201.0,0,1
56112102301.0,0,1
56112102401.0,0,1
56112102501.0,0,1
56112102801.0,0,1
56112103001.0,0,0
56112103101.0,0,1
56112103201.0,0,1
56112103301.0,0,0
56112103401.0,0,0
56112103501.0,0,1
56112200101.0,0,1
56112200301.0,0,0
56112200401.0,0,1
56112200501.0,0,1
56112200601.0,0,0
56112200701.0,0,0
56112200801.0,0,1
56112200901.0,0,0
56112201101.0,0,1
56112201301.0,0,1
56112201401.0,0,1
56112201501.0,0,1
56112201601.0,0,1
56112201701.0,0,1
56112201801.0,0,1
56112201901.0,0,1
56112202001.0,0,1
56112202101.0,0,1
56112202201.0,0,1
56112202401.0,0,1
56112202501.0,0,1
56112202601.0,0,1
56112202701.0,0,1
56112202801.0,0,1
56112202901.0,0,1
56112203001.0,0,1
56112300101.0,0,0
56112300201.0,0,1
56112300301.0,0,0
56112300401.0,0,1
56112300501.0,0,1
56112300601.0,0,1
56112300701.0,0,1
56112300801.0,0,1
56112300901.0,0,1
56112301001.0,0,1
56112301101.0,0,1
56112400101.0,0,1
56112400201.0,0,1
56112400301.0,0,0
56112400401.0,0,1
56112400501.0,0,1
56112400601.0,0,1
56112400701.0,0,1
56420100101.0,0,0
56420100201.0,0,1
56420100301.0,0,1
56420100501.0,0,1
56420100601.0,0,1
56420100701.0,0,1
56420100801.0,0,1
56420100901.0,0,1
56420101101.0,0,1
56420101301.0,0,1
56420101401.0,0,1
56420101501.0,0,1
56420101601.0,0,1
56420101701.0,0,1
56420101801.0,0,1
56420102001.0,0,1
56420102101.0,0,0
56420102201.0,0,0
56420102301.0,0,0
56420102401.0,0,1
56420102501.0,0,1
56420102601.0,0,1
56420102701.0,0,1
56420102801.0,0,1
56420103001.0,0,1
56420103201.0,0,1
56420103301.0,0,1
56420103401.0,0,1
56420200101.0,0,1
56420200201.0,0,1
56420200301.0,0,1
56420200401.0,0,1
56420200501.0,0,1
56420200601.0,0,1
56420200701.0,0,1
56420200801.0,0,1
56420200901.0,0,1
56420201001.0,0,1
56420201101.0,0,0
56420201201.0,0,1
56420201301.0,0,1
56420201401.0,0,1
56420201501.0,0,1
56420201701.0,0,0
56420201801.0,0,1
56420300201.0,0,0
56420300401.0,0,1
56420300601.0,0,1
56420300801.0,0,1
56420300901.0,0,1
56420301001.0,0,1
56420301101.0,0,1
56420301201.0,0,1
56420301301.0,0,1
56420301401.0,0,1
56420301501.0,0,1
56420301601.0,0,1
56420301701.0,0,1
56420302001.0,0,1
56420302101.0,0,1
56420302201.0,0,1
56420302301.0,0,1
56420302401.0,0,1
56420400101.0,0,1
56420400201.0,0,0
56420400401.0,0,1
56420400501.0,0,1
56420400601.0,0,1
56420400701.0,0,0
56420400801.0,0,1
56420401001.0,0,1
56420401101.0,0,0
56420401201.0,0,1
56420401301.0,0,1
56420401401.0,0,1
56420401501.0,0,1
56420401601.0,0,1
56420401701.0,0,0
56420401801.0,0,1
56420500101.0,0,1
56420500201.0,0,0
56420500301.0,0,1
56420500401.0,0,1
56420500501.0,0,1
56420500601.0,0,1
56420500701.0,0,1
56420500801.0,0,1
56420500901.0,0,1
56420501001.0,0,1
56420501101.0,0,1
56420501201.0,0,1
56420600101.0,0,1
56420600201.0,0,0
56420600301.0,0,0
56420600401.0,0,1
56420600501.0,0,0
56420600601.0,0,1
56420600701.0,1,1
56420600801.0,0,1
56420601301.0,0,1
56420601701.0,0,1
56420700101.0,0,1
56420700201.0,0,1
56420700301.0,0,1
56420700401.0,0,0
56420700501.0,0,1
56420700601.0,0,1
56420700901.0,0,1
56420800101.0,0,1
56420800301.0,0,1
56420800501.0,0,1
56420800601.0,0,0
56420800801.0,0,1
56420800901.0,0,1
56420801001.0,0,1
56420801101.0,0,1
56420801201.0,0,0
56420801301.0,0,0
56420801501.0,0,1
56420801601.0,0,1
56420801701.0,0,1
56420900101.0,0,0
56420900201.0,0,1
56420900301.0,0,1
56420900401.0,0,1
56420900501.0,0,1
56420900701.0,0,1
56420901001.0,0,0
56420901101.0,0,1
56420901201.0,0,0
56420901301.0,0,0
56420901401.0,0,1
56420901501.0,0,1
56420901601.0,0,1
56421000101.0,0,1
56421000201.0,0,1
56421000301.0,0,0
56421000401.0,0,0
56421000501.0,0,1
56421000601.0,0,1
56421000701.0,0,0
56421000801.0,0,1
56421000901.0,0,0
56421001001.0,0,1
56421001101.0,0,0
56421001201.0,0,0
56421001301.0,0,1
56421001401.0,0,1
56421001501.0,0,1
56421100101.0,0,0
56421101001.0,0,0
56421101401.0,0,1
56421101402.0,0,0
56421101601.0,0,0
56421101701.0,0,0
56421101801.0,0,0
56421102001.0,0,1
56421102301.0,0,0
56421102501.0,0,1
56421200101.0,0,1
56421200201.0,0,1
56421200301.0,0,0
56421200401.0,0,1
56421200501.0,0,1
56421200701.0,0,1
56421200801.0,0,1
56421200901.0,0,1
56421201001.0,0,1
56421201101.0,0,1
56421201201.0,0,1
56421201301.0,0,1
56421201401.0,0,1
56421201501.0,0,1
56421300101.0,0,1
56421300201.0,0,1
56421300301.0,0,1
56421300401.0,0,1
56421300501.0,0,1
56421300601.0,0,0
56421300801.0,0,1
56421300901.0,0,1
56421301001.0,0,1
56421301101.0,0,1
56421301201.0,0,0
56421301501.0,0,0
56421301601.0,0,0
56421301801.0,0,1
56421301901.0,0,1
56421302001.0,0,1
56421400201.0,0,1
56421400301.0,0,1
56421400302.0,0,1
56421400501.0,0,1
56421400801.0,0,1
56421500201.0,0,0
56421500403.0,0,0
56421500404.0,0,1
56421500601.0,0,1
56421501102.0,0,0
56421501301.0,0,0
56421501401.0,0,1
56421501701.0,0,1
56421600101.0,0,1
56421600401.0,0,1
56421600501.0,0,0
56421600801.0,0,1
56421600901.0,0,0
56421601001.0,0,1
56421601301.0,0,1
56421601401.0,0,1
56421601501.0,0,0
56421601701.0,0,1
56421601801.0,0,1
56421700301.0,0,0
56421700501.0,0,0
56421700502.0,0,0
56421700601.0,0,0
56421700701.0,0,0
56421700801.0,0,0
56421700901.0,0,0
56421701101.0,0,1
56421701201.0,0,1
56421701301.0,0,0
56421800101.0,0,1
56421800201.0,0,1
56421800401.0,0,1
56421800601.0,0,0
56421800701.0,0,0
56421800801.0,0,1
56421800802.0,0,1
56421800902.0,0,1
56421801001.0,0,1
56421801201.0,0,0
56421801301.0,0,1
56421801401.0,0,0
56421801501.0,0,0
56421801601.0,0,1
56421801801.0,0,1
56421900201.0,0,1
56421900301.0,0,1
56421900501.0,0,1
56421900601.0,0,1
56421900701.0,0,1
56421900801.0,0,1
56421900901.0,0,1
56421901001.0,0,1
56421901101.0,0,1
56421901201.0,0,1
56421901301.0,0,0
56421901401.0,0,0
56421901501.0,0,1
56421901601.0,0,1
56422000101.0,0,1
56422000201.0,0,0
56422000301.0,0,1
56422000401.0,0,0
56422000601.0,0,1
56422000701.0,0,0
56422000801.0,0,0
56422000901.0,0,1
56422001001.0,0,1
56422001101.0,0,1
56422001201.0,0,0
56422001301.0,0,0
56422001401.0,0,1
56422001501.0,0,0
56422001701.0,0,1
56422100101.0,0,1
56422100201.0,0,1
56422100301.0,0,0
56422100401.0,0,0
56422100501.0,0,1
56422100601.0,0,0
56422100701.0,0,1
56422100801.0,0,0
56422100901.0,0,0
56422101001.0,0,0
56422101101.0,0,1
56422101201.0,0,0
56422101301.0,0,1
56422200101.0,0,1
56422200201.0,0,1
56422200301.0,0,1
56422200401.0,0,1
56422200501.0,0,0
56422200601.0,0,1
56422200701.0,0,1
56422200801.0,0,1
56422201001.0,0,1
56422201101.0,0,1
56422201201.0,0,1
56422201301.0,0,1
57110200101.0,0,0
57110200201.0,0,1
57110200301.0,0,1
57110200401.0,0,1
57110200501.0,0,1
57110200601.0,0,0
57110200701.0,0,1
57110200801.0,0,1
57110400101.0,0,1
57110400201.0,0,1
57110400301.0,0,1
57110400401.0,0,0
57110400501.0,0,0
57110400601.0,0,1
57110400801.0,0,0
57110400901.0,0,1
57110401001.0,0,1
57110401101.0,0,1
57110401301.0,0,0
57110401401.0,0,1
57110401501.0,0,1
57110401601.0,0,1
57110401701.0,0,1
57110600101.0,0,1
57110600201.0,0,1
57110600401.0,0,1
57110600501.0,0,1
57110600601.0,0,1
57110600701.0,0,1
57110600801.0,0,1
57110700101.0,0,1
57110700301.0,0,0
57110700401.0,0,1
57110700501.0,0,0
57110700502.0,0,0
57110700601.0,0,0
57110700801.0,0,1
57110701001.0,0,1
57110701101.0,0,1
57110701401.0,0,1
57110701701.0,0,0
57110701801.0,0,1
57110701901.0,0,1
57111100101.0,0,1
57111100301.0,0,1
57111100401.0,0,1
57111100501.0,0,1
57111100601.0,0,0
57111100701.0,0,1
57111100801.0,0,1
57111100901.0,0,1
57111101001.0,0,0
57111101101.0,0,1
57111101201.0,0,1
57111101301.0,0,0
57111101401.0,0,0
57111101601.0,0,0
57111101801.0,0,1
57111102101.0,0,1
57111102201.0,0,0
57111102301.0,0,1
57111102701.0,0,0
57111102801.0,0,0
57111102901.0,0,1
57111103001.0,0,0
57111103101.0,0,0
57111103201.0,0,1
57111103301.0,0,1
57111103401.0,0,1
57111103601.0,0,1
57111103701.0,0,0
57112100201.0,0,1
57112100501.0,0,0
57112100601.0,0,1
57112100701.0,0,1
57112700101.0,0,1
57113200401.0,0,1
57113200801.0,0,1
57113200901.0,0,1
57113201001.0,0,1
57113201101.0,1,1
57113600301.0,0,1
57113600401.0,0,0
57113600501.0,0,1
57113600801.0,0,0
57113600901.0,0,0
57113601001.0,0,0
57113601101.0,0,0
57113601301.0,0,0
57113601401.0,0,0
57113601601.0,0,0
57113601701.0,0,0
57113601801.0,0,0
57113601901.0,0,0
57113602001.0,0,1
57113700101.0,0,0
57113700201.0,0,0
57113700301.0,0,1
57113700401.0,0,0
57113700501.0,0,1
57113700601.0,0,1
57113900101.0,0,1
57114000101.0,0,1
57114000301.0,0,1
57114000401.0,0,1
57114000501.0,0,0
57114000601.0,0,1
57114000701.0,0,1
57114000801.0,0,0
57114000901.0,0,1
57114001201.0,0,1
57114001301.0,0,1
57114001401.0,0,1
57114001501.0,0,1
57114001601.0,0,1
57114001801.0,0,1
57114001901.0,0,1
57114002001.0,0,1
57114002101.0,0,1
57114002201.0,0,1
57114002301.0,0,0
57114002401.0,0,0
57114002501.0,0,1
57114002601.0,0,0
57114002701.0,0,1
57114100301.0,0,0
57114100401.0,0,1
57114100501.0,0,0
57114300101.0,0,1
57114300201.0,0,1
57114300401.0,0,1
57114300501.0,0,0
57114300601.0,0,1
57114300701.0,0,0
57114300801.0,0,1
57114300901.0,0,0
57114301001.0,0,0
57114301101.0,0,1
57114301301.0,0,1
57114301401.0,0,1
57114301701.0,0,1
57114600101.0,0,0
57114600202.0,0,0
57114600203.0,0,0
57114600301.0,0,1
57114600401.0,0,1
57114600501.0,1,1
57114900101.0,0,1
57114900201.0,0,1
57114900501.0,0,0
57114900601.0,0,1
57114900701.0,0,1
57114900901.0,0,1
57115000201.0,0,0
57115000301.0,0,0
57115100101.0,0,0
57115100201.0,0,0
57115100301.0,0,1
57115100401.0,0,1
57115200101.0,0,1
57115400201.0,0,1
57115500101.0,0,1
57115500301.0,0,0
57115500401.0,0,0
57115500501.0,0,0
57115500701.0,0,1
57115500801.0,0,1
57115500901.0,0,0
57115501001.0,0,0
57115501101.0,0,0
57115501201.0,0,1
57115501301.0,0,1
57115501401.0,0,0
57115501501.0,0,1
57115501601.0,0,1
57115501701.0,0,1
57115502101.0,0,1
57115700101.0,0,1
57115700301.0,0,1
57115700401.0,0,1
57115700501.0,0,1
57115700601.0,0,0
57115700701.0,0,1
57115700801.0,0,0
57115700901.0,0,0
57115701101.0,0,1
57115701201.0,0,1
57420100101.0,0,1
57420100201.0,0,0
57420100301.0,0,0
57420100401.0,0,1
57420100501.0,0,0
57420100601.0,0,0
57420100701.0,0,0
57420100801.0,0,1
57420100901.0,0,1
57420101001.0,0,0
57420101101.0,0,1
57420101201.0,0,1
57420200501.0,0,1
57420200701.0,0,1
57420200801.0,0,1
57420200901.0,0,0
57420201201.0,0,0
57420201401.0,0,0
57420201901.0,0,0
57420202001.0,0,0
57420202101.0,0,0
57420202201.0,1,1
57420202301.0,0,1
57420202501.0,0,0
57420202701.0,0,1
57420202802.0,0,1
57420202901.0,0,0
57420300101.0,0,1
57420300201.0,0,0
57420300301.0,0,1
57420300401.0,0,1
57420300501.0,0,1
57420300601.0,0,0
57420300701.0,0,0
57420301101.0,0,1
57420301201.0,0,0
57420301301.0,0,0
57420400301.0,0,1
57420400401.0,0,0
57420400501.0,1,1
57420400701.0,0,0
57420400901.0,0,1
57420401001.0,0,1
57420401101.0,0,1
57420401201.0,0,1
57420401401.0,0,1
57420401601.0,0,1
57420401701.0,0,1
57420402001.0,0,1
57420402002.0,0,0
57420402201.0,0,1
57420402301.0,0,1
57420402501.0,0,0
57420402601.0,0,1
57420402701.0,0,0
57420402801.0,0,0
57420402901.0,0,1
57420403001.0,0,0
57420403101.0,0,1
57420403201.0,0,1
57420403401.0,0,1
57420500101.0,0,0
57420500201.0,0,0
57420500301.0,0,0
57420500401.0,0,1
57420500501.0,0,0
57420500601.0,0,0
57420500701.0,0,0
57420500801.0,0,1
57420500901.0,0,1
57420501101.0,0,0
57420501201.0,0,1
57420501301.0,0,0
57420501401.0,0,1
57420501501.0,0,1
57420501601.0,0,1
57420501701.0,0,0
57420501801.0,0,0
57420501901.0,0,1
57420502101.0,0,0
57420502201.0,0,1
57420600101.0,0,1
57420600401.0,0,1
57420600701.0,0,0
57420600901.0,0,1
57420601001.0,0,0
57420601101.0,0,0
57420601201.0,0,1
57420601301.0,0,0
57420601401.0,0,1
57420601501.0,0,1
57420601601.0,0,0
57420601801.0,0,0
57420700101.0,0,0
57420700201.0,0,0
57420700301.0,1,0
57420700601.0,0,0
57420700801.0,0,0
57420700901.0,0,0
57420701001.0,0,1
57420701101.0,0,0
57420701301.0,0,0
57420701401.0,0,1
57420701501.0,0,0
57420701602.0,0,0
57420701603.0,0,1
57420800101.0,0,0
57420800301.0,0,0
57420800401.0,0,1
57420800501.0,0,1
57420800601.0,0,0
57420800701.0,0,0
57420800901.0,0,1
57420801001.0,0,1
57420801201.0,0,0
57420801401.0,0,0
57420900101.0,0,1
57420900201.0,0,0
57420900301.0,0,1
57420900501.0,0,1
57420900601.0,0,0
57420900701.0,0,1
57420900801.0,0,1
57420900901.0,0,0
57420901001.0,0,1
57420901101.0,0,0
57420901201.0,0,1
57420901301.0,0,1
57420901401.0,0,0
57420901501.0,0,1
57421000101.0,0,1
57421000301.0,0,0
57421000401.0,0,1
57421000501.0,0,1
57421000601.0,0,0
57421000801.0,0,0
57421000901.0,0,1
57421001001.0,0,1
57421001101.0,0,0
57421001201.0,0,0
57421001301.0,0,1
57421001501.0,0,0
57421100101.0,0,1
57421100201.0,0,0
57421100301.0,0,1
57421100501.0,0,0
57421100601.0,0,1
57421100701.0,0,0
57421100801.0,0,1
57421100901.0,0,1
57421101101.0,0,1
57421101201.0,0,0
57421101401.0,0,1
57421200101.0,0,0
57421200102.0,0,1
57421200201.0,0,1
57421200202.0,0,1
57421200301.0,0,0
57421200601.0,0,0
57421200701.0,0,0
57421200802.0,0,0
57421201101.0,0,1
57421201501.0,0,0
57421201601.0,0,0
57421201801.0,0,1
57421201901.0,0,0
57421202801.0,0,1
57421203001.0,0,1
57421203301.0,0,0
57421300101.0,0,1
57421300201.0,0,1
57421300501.0,0,0
57421301001.0,0,1
57421301101.0,0,0
57421301601.0,0,1
57421301701.0,0,1
57421301901.0,0,1
57421400101.0,0,1
57421400201.0,0,0
57421400301.0,0,1
57421400501.0,0,0
57421400601.0,0,1
57421400701.0,0,0
57421400801.0,0,0
57421400901.0,0,0
57421401101.0,0,1
57421401201.0,0,1
57421401301.0,0,0
57421401401.0,0,1
57421401501.0,0,1
57421500101.0,0,1
57421500201.0,0,1
57421500301.0,0,1
57421500401.0,0,1
57421500501.0,0,1
57421500601.0,0,1
57421500701.0,0,1
57421500801.0,0,0
57421500901.0,0,1
57421501001.0,0,0
57421501101.0,0,0
57421501201.0,0,1
57421501301.0,0,0
57421501401.0,0,1
57421600201.0,0,0
57421600401.0,0,0
57421600501.0,0,0
57421600601.0,0,0
57421600901.0,0,0
57421601101.0,0,1
57421601301.0,0,0
57421601401.0,0,0
57421601501.0,0,1
57421700101.0,0,1
57421700201.0,0,0
57421700301.0,0,1
57421700401.0,0,0
57421700501.0,0,0
57421700601.0,0,1
57421700701.0,0,0
57421700801.0,0,1
57421700901.0,0,1
57421701001.0,0,1
57421701101.0,0,1
57421701201.0,0,1
57421701301.0,0,0
57421800101.0,0,0
57421800201.0,0,0
57421800301.0,0,0
57421800401.0,0,1
57421800501.0,0,0
57421800601.0,0,0
57421800701.0,0,0
57421800801.0,0,0
57421800901.0,0,0
57421801101.0,0,0
57421801201.0,0,0
57421801601.0,0,0
57421801701.0,0,0
57421801801.0,0,0
57421801901.0,0,1
57421802001.0,0,0
57421802101.0,0,0
57421802201.0,0,1
57421900101.0,0,1
57421900201.0,0,1
57421900401.0,0,1
57421900501.0,0,1
57421900601.0,0,0
57421900901.0,0,0
57421901201.0,0,0
57421901202.0,0,0
57421901401.0,0,1
57421901501.0,0,0
57421901701.0,0,1
57421901901.0,0,0
57421902101.0,0,1
57422000101.0,0,1
57422000401.0,0,0
57422001301.0,0,1
57422001801.0,0,1
57422002001.0,0,1
57422002201.0,0,1
57422002301.0,0,0
57422002601.0,0,1
57422002701.0,0,1
57422002801.0,0,0
57422100101.0,0,0
57422100201.0,0,0
57422100301.0,0,1
57422100401.0,0,0
57422100601.0,0,1
57422100801.0,0,1
57422100901.0,0,0
57422101001.0,0,0
57422101101.0,0,1
57422101201.0,0,0
57422101301.0,0,1
57422101401.0,0,0
57422101601.0,0,1
57422200201.0,0,0
57422200301.0,0,0
57422200401.0,0,0
57422200501.0,0,0
57422200601.0,0,0
57422200801.0,0,0
57422201201.0,0,0
57422201401.0,0,0
57422201501.0,0,0
57422201601.0,0,0
57422201801.0,0,0
57422202101.0,0,0
57422202201.0,0,0
57422300101.0,0,0
57422300201.0,0,0
57422300701.0,0,0
57422300801.0,0,0
57422301001.0,0,0
57422301301.0,0,0
57422301401.0,0,0
57422301501.0,0,0
57422301601.0,0,0
57422301701.0,0,0
57422301801.0,0,1
57422400101.0,0,0
57422400201.0,0,0
57422400401.0,0,0
57422400501.0,0,0
57422400701.0,0,0
57422400801.0,0,0
57422401101.0,0,1
57422401201.0,0,1
57422401301.0,0,1
57422401401.0,0,1
57422401601.0,0,1
57422401701.0,0,0
57422401801.0,0,1
57422401901.0,0,0
57422500101.0,0,1
57422500301.0,0,0
57422500401.0,0,0
57422500501.0,0,1
57422500601.0,0,1
57422500801.0,0,1
57422501001.0,0,0
57422501101.0,0,1
57422501201.0,0,0
57422501301.0,0,0
57422501401.0,0,1
57422501501.0,0,0
57422600101.0,0,0
57422601801.0,0,0
57422602001.0,0,0
57422700901.0,0,0
57422701202.0,0,1
57422701501.0,0,1
57422701601.0,0,1
57422800101.0,0,0
57422800201.0,0,0
57422800301.0,0,0
57422800401.0,0,0
57422800501.0,0,0
57422800601.0,0,1
57422800801.0,0,0
57422801001.0,0,1
57422801201.0,0,0
57422801301.0,0,0
57422801401.0,0,0
57422801601.0,0,0
57422801701.0,0,0
57422801801.0,0,1
57422801901.0,0,0
57422802001.0,0,1
57422802101.0,0,1
57422802301.0,0,0
57422802401.0,0,1
57422900101.0,0,1
57422900201.0,0,1
57422900301.0,0,0
57422900401.0,0,1
57422900501.0,0,1
57422900601.0,0,1
57422900701.0,0,0
57422900901.0,0,1
57422901001.0,0,1
57422901101.0,0,0
57422901201.0,0,0
57422901501.0,0,1
57422901701.0,0,1
57422901801.0,0,1
57422902001.0,0,1
57423000301.0,0,0
57423000401.0,0,0
57423000701.0,0,0
57423000801.0,0,0
57423000802.0,0,0
57423001501.0,0,0
57423001903.0,0,0
57423100701.0,0,0
57423100801.0,0,0
57423101201.0,0,0
57423101401.0,0,0
57423101501.0,0,0
57423101701.0,0,1
57423101801.0,0,0
57423101901.0,0,0
57423200101.0,0,0
57423200102.0,0,0
57423200104.0,0,0
57423200301.0,0,0
57423200601.0,0,0
57423200901.0,0,1
57423201201.0,0,1
57423201401.0,0,0
57423201501.0,0,0
57423300101.0,0,0
57423300301.0,0,1
57423300401.0,0,0
57423300601.0,0,0
57423300701.0,0,0
57423300801.0,0,0
57423301001.0,0,0
57423301101.0,0,0
57423301201.0,0,0
57423301301.0,0,1
57423301401.0,0,0
57423301701.0,0,0
57423301801.0,0,1
57423301901.0,0,0
